_id;code;intitule;sousDomaine;Sous-domaine à ajouter;Sous-domaine à supprimer
696e4a37f74ca42de86de1dc;A1214;Patrouilleur modeleur / Patrouilleuse modeleuse VTT;Paysagisme, jardinage, entretien des espaces verts;;
696e4a38f74ca42de86de3d9;A1214;Patrouilleur modeleur / Patrouilleuse modeleuse VTT;Métiers du sport;;
696e4a38f74ca42de86de4f3;A1305;Technicien / Technicienne des services vétérinaires;Soins aux animaux;;
696e4a38f74ca42de86de5f0;A1305;Technicien / Technicienne des services vétérinaires;Industrie Agroalimentaire;;
696e4a37f74ca42de86de1b2;A1306;Chargé / Chargée de mission biodiversité;Assainissement biologique, nucléaire, dépollution;;
696e4a38f74ca42de86de607;A1306;Chargé / Chargée de mission biodiversité;Géologie, hydrologie, topographie;;
696e4a38f74ca42de86de316;A1307;Ingénieur forestier / Ingénieure forestière;Génie industriel, ingéniérie généraliste;;
696e4a38f74ca42de86de60b;A1307;Ingénieur forestier / Ingénieure forestière;Exploitation forestière, sylviculture;;
696e4a38f74ca42de86de4f4;A1308;Technicien / Technicienne de l'insémination animale;Soins aux animaux;;
696e4a38f74ca42de86de5ac;A1308;Technicien / Technicienne de l'insémination animale;Elevage d'animaux de ferme;;
696e4a38f74ca42de86de4f5;A1309;Technicien / Technicienne d'élevage équin;Soins aux animaux;;
696e4a38f74ca42de86de60d;A1309;Technicien / Technicienne d'élevage équin;Elevage de chevaux;;
696e4a38f74ca42de86de4f6;A1310;Technicien / Technicienne de production animale;Soins aux animaux;;
696e4a38f74ca42de86de5ad;A1310;Technicien / Technicienne de production animale;Elevage d'animaux de ferme;;
696e4a38f74ca42de86de60c;A1311;Technicien forestier / Technicienne forestière;Exploitation forestière, sylviculture;;
696e4a38f74ca42de86de29e;A1312;Directeur / Directrice environnement;Recyclage, collecte, traitement des déchets, assainissement, dépollution;;
696e4a38f74ca42de86de348;A1312;Directeur / Directrice environnement;Risques, qualité, hygiène, sécurité, environnement (QHSE);;
696e4a38f74ca42de86de29f;A1313;Chargé / Chargée de mission environnement;Recyclage, collecte, traitement des déchets, assainissement, dépollution;;
696e4a38f74ca42de86de349;A1313;Chargé / Chargée de mission environnement;Risques, qualité, hygiène, sécurité, environnement (QHSE);;
696e4a38f74ca42de86de5e7;A1432;Osiériculteur / Osiéricultrice;Sculpture, gravure, travail des matières (pierre, verre, plastique, céramique,bois …);;
696e4a38f74ca42de86de35d;A1433;Maraîcher / Maraîchère;Exploitation agricole;;
696e4a38f74ca42de86de35e;A1434;Tabaculteur / Tabacultrice;Exploitation agricole;;
696e4a38f74ca42de86de5eb;A1435;Eleveur / Eleveuse d'animaux de compagnie;Elevage de chats, chiens;;
696e4a38f74ca42de86de35f;A1436;Conducteur / Conductrice de travaux en entreprise de travaux agricoles;Exploitation agricole;;
696e4a38f74ca42de86de360;A1437;Champignonniste;Exploitation agricole;;
696e4a38f74ca42de86de610;A1438;Pêcheur / Pêcheuse à pied;Elevage de poissons, produits de la mer;;
696e4a38f74ca42de86de60e;A1439;Eleveur / Eleveuse d'équidés;Elevage de chevaux;;
696e4a38f74ca42de86de361;A1440;Cultivateur urbain / Cultivatrice urbaine;Exploitation agricole;;
696e4a38f74ca42de86de612;A1441;Pépiniériste;Horticulture : production de fleurs, végétaux, arbustes;;
696e4a38f74ca42de86de5ae;A1442;Eleveur / Eleveuse de lapins;Elevage d'animaux de ferme;;
696e4a38f74ca42de86de5e9;A1443;Cidrier / Cidrière;Production de produits fermiers;;
696e4a38f74ca42de86de614;A1443;Cidrier / Cidrière;Production d'alcool (vin, bière, cidre…);;
696e4a38f74ca42de86de362;A1444;Aide agricole en production fruitière;Exploitation agricole;;
696e4a38f74ca42de86de613;A1444;Aide agricole en production fruitière;Horticulture : production de fleurs, végétaux, arbustes;;
696e4a38f74ca42de86de611;A1445;Pêcheur sous-marin / Pêcheuse sous-marine;Elevage de poissons, produits de la mer;;
696e4a38f74ca42de86de615;A1446;Maître / Maîtresse de chai;Production d'alcool (vin, bière, cidre…);;
696e4a37f74ca42de86de23f;A1447;Herboriste;Vente en magasin : produits non alimentaires (vêtements, équipement, livres, …);;
696e4a38f74ca42de86de406;A1447;Herboriste;Pharmacie;;
696e4a38f74ca42de86de4f7;A1508;Dresseur animalier / Dresseuse animalière;Soins aux animaux;;
696e4a38f74ca42de86de5ec;A1508;Dresseur animalier / Dresseuse animalière;Elevage de chats, chiens;;
696e4a38f74ca42de86de4f8;A1509;Comportementaliste animalier / Comportementaliste animalière;Soins aux animaux;;
696e4a38f74ca42de86de5ed;A1509;Comportementaliste animalier / Comportementaliste animalière;Elevage de chats, chiens;;
696e4a38f74ca42de86de4f9;A1510;Préparateur / Préparatrice d'équidés;Soins aux animaux;;
696e4a38f74ca42de86de60f;A1510;Préparateur / Préparatrice d'équidés;Elevage de chevaux;;
696e4a38f74ca42de86de4fa;A1511;Gardien / Gardienne d'animaux;Soins aux animaux;;
696e4a38f74ca42de86de5ee;A1511;Gardien / Gardienne d'animaux;Elevage de chats, chiens;;
696e4a38f74ca42de86de616;B1404;Canneur rempailleur / Canneuse rempailleuse;Mobilier, ameublement, tapisserie;;
696e4a38f74ca42de86de5fa;B1502;Facteur / Factrice d'instruments de musique anciens;Fabrication et réparation d'instruments de musique;;
696e4a38f74ca42de86de5fb;B1503;Facteur / Factrice d'instruments à vent;Fabrication et réparation d'instruments de musique;;
696e4a38f74ca42de86de5fc;B1504;Facteur / Factrice de percussions;Fabrication et réparation d'instruments de musique;;
696e4a38f74ca42de86de5fd;B1505;Luthier / Luthière;Fabrication et réparation d'instruments de musique;;
696e4a38f74ca42de86de602;B1616;Opérateur / Opératrice en horlogerie;Bijouterie, Joaillerie, Horlogerie, Gemmologie;;
696e4a38f74ca42de86de42b;B1702;Technicien / Technicienne en ostéologie-moulage;Biologie, santé, sciences physiques;;
696e4a38f74ca42de86de5cd;B1807;Assistant / Assistante styliste;Mode, travail du textile et du cuir;;
696e4a38f74ca42de86de5ce;B1808;Premier / Première d'atelier;Mode, travail du textile et du cuir;;
696e4a38f74ca42de86de5cf;B1809;Sellier / Sellière;Mode, travail du textile et du cuir;;
696e4a38f74ca42de86de5d0;B1810;Fourreur / Fourreuse;Mode, travail du textile et du cuir;;
696e4a38f74ca42de86de5d1;B1811;Sellier-garnisseur / Sellière-garnisseuse;Mode, travail du textile et du cuir;;
696e4a38f74ca42de86de5d2;B1812;Modéliste;Mode, travail du textile et du cuir;;
696e4a38f74ca42de86de5d3;B1813;Tailleur / Tailleuse;Mode, travail du textile et du cuir;;
696e4a38f74ca42de86de5d4;B1814;Directeur / Directrice de collection;Mode, travail du textile et du cuir;;
696e4a38f74ca42de86de37f;C1209;Spécialiste de la vérification client;Conseil en emploi, insertion, orientation;;x
696e4a38f74ca42de86de34b;C1209;Spécialiste de la vérification client;Risques, qualité, hygiène, sécurité, environnement (QHSE);;x
696e4a38f74ca42de86de481;C1209;Spécialiste de la vérification client;Métiers du droit;;x
696e4a37f74ca42de86de1fa;D1110;Vendeur ambulant / Vendeuse ambulante;Vente en magasin : alimentation, produits frais, boissons;;
696e4a37f74ca42de86de240;D1110;Vendeur ambulant / Vendeuse ambulante;Vente en magasin : produits non alimentaires (vêtements, équipement, livres, …);;
696e4a38f74ca42de86de5f1;D1111;Chef / Cheffe de laboratoire en charcuterie;Industrie Agroalimentaire;;
696e4a38f74ca42de86de618;D1111;Chef / Cheffe de laboratoire en charcuterie;Boucherie, charcuterie, traiteur;;
696e4a38f74ca42de86de32a;D1112;Chef charcutier-traiteur / Cheffe charcutière-traiteuse;Cuisine;;
696e4a38f74ca42de86de619;D1112;Chef charcutier-traiteur / Cheffe charcutière-traiteuse;Boucherie, charcuterie, traiteur;;
696e4a37f74ca42de86de21b;D1113;Commercial itinérant / Commerciale itinérante en entreprise de commerce de gros;Développement commercial, force de vente;;
696e4a38f74ca42de86de24a;D1113;Commercial itinérant / Commerciale itinérante en entreprise de commerce de gros;Commerce en entreprise;;
696e4a37f74ca42de86de1fb;D1114;Torréfacteur / Torréfactrice;Vente en magasin : alimentation, produits frais, boissons;;
696e4a38f74ca42de86de5f2;D1114;Torréfacteur / Torréfactrice;Industrie Agroalimentaire;;
696e4a37f74ca42de86de1fc;D1115;Chocolatier / Chocolatière;Vente en magasin : alimentation, produits frais, boissons;;
696e4a38f74ca42de86de61a;D1115;Chocolatier / Chocolatière;Boulangerie, pâtisserie, chocolaterie;;
696e4a37f74ca42de86de1fd;D1116;Négociant / Négociante en bétail;Vente en magasin : alimentation, produits frais, boissons;;
696e4a38f74ca42de86de5af;D1116;Négociant / Négociante en bétail;Elevage d'animaux de ferme;;
696e4a38f74ca42de86de557;D1117;Chef pâtissier / Cheffe pâtissière;Gestion de projets informatiques;;x
696e4a38f74ca42de86de61b;D1117;Chef pâtissier / Cheffe pâtissière;Boulangerie, pâtisserie, chocolaterie;;
696e4a37f74ca42de86de1fe;D1118;Glacier / Glacière;Vente en magasin : alimentation, produits frais, boissons;;
696e4a38f74ca42de86de61c;D1118;Glacier / Glacière;Boulangerie, pâtisserie, chocolaterie;;
696e4a37f74ca42de86de241;D1223;Conseiller / Conseillère de vente en pièces de rechange et accessoires de véhicules;Vente en magasin : produits non alimentaires (vêtements, équipement, livres, …);;
696e4a38f74ca42de86de24b;D1223;Conseiller / Conseillère de vente en pièces de rechange et accessoires de véhicules;Commerce en entreprise;;
696e4a38f74ca42de86de292;D1223;Conseiller / Conseillère de vente en pièces de rechange et accessoires de véhicules;Mécanique, carrosserie auto, moto;;
696e4a38f74ca42de86de26a;D1224;Chargé / Chargée de location d'engins et de matériel de chantier;Management, exploitation, gestion, ingéniérie de la chaîne logistique;;x
696e4a38f74ca42de86de4df;D1224;Chargé / Chargée de location d'engins et de matériel de chantier;Conduite d'engins de chantier;;
696e4a38f74ca42de86de5f5;D1225;Responsable d'institut de beauté;Management, direction d'hôtel, restaurant, loisirs;;
696e4a38f74ca42de86de61d;D1225;Responsable d'institut de beauté;Esthétique;;
696e4a38f74ca42de86de5d5;D1226;Nettoyeur / Nettoyeuse en cuir et peausserie;Mode, travail du textile et du cuir;;
696e4a38f74ca42de86de624;D1226;Nettoyeur / Nettoyeuse en cuir et peausserie;Pressing, blanchisserie, teinturerie, cordonnerie;;
696e4a38f74ca42de86de603;D1227;Acheteur vendeur / Acheteuse vendeuse d'or, de métaux précieux;Bijouterie, Joaillerie, Horlogerie, Gemmologie;;
696e4a38f74ca42de86de629;D1227;Acheteur vendeur / Acheteuse vendeuse d'or, de métaux précieux;Achats;;
696e4a38f74ca42de86de4ea;D1228;Employé / Employée de laverie automatique;Nettoyage, propreté;;
696e4a38f74ca42de86de625;D1228;Employé / Employée de laverie automatique;Pressing, blanchisserie, teinturerie, cordonnerie;;
696e4a38f74ca42de86de4eb;D1229;Responsable de pressing;Nettoyage, propreté;;
696e4a38f74ca42de86de626;D1229;Responsable de pressing;Pressing, blanchisserie, teinturerie, cordonnerie;;
696e4a38f74ca42de86de26b;D1230;Responsable d'agence de location de matériel de transport;Management, exploitation, gestion, ingéniérie de la chaîne logistique;;x
696e4a38f74ca42de86de27d;D1230;Responsable d'agence de location de matériel de transport;Transport, conduite, livraison;;
696e4a38f74ca42de86de3ce;D1231;Spa Praticien / Spa Praticienne;Santé, soins aux personnes;;
696e4a38f74ca42de86de61e;D1231;Spa Praticien / Spa Praticienne;Esthétique;;
696e4a38f74ca42de86de46d;D1232;Formateur / Formatrice en esthétisme;Formation;;
696e4a38f74ca42de86de61f;D1232;Formateur / Formatrice en esthétisme;Esthétique;;
696e4a37f74ca42de86de242;D1233;Galeriste;Vente en magasin : produits non alimentaires (vêtements, équipement, livres, …);;
696e4a38f74ca42de86de4e3;D1233;Galeriste;Arts plastiques, galeries, marché de l'art;;
696e4a38f74ca42de86de27e;D1234;Chargé / Chargée de location de matériel de transport ou de loisirs;Transport, conduite, livraison;;
696e4a38f74ca42de86de38c;D1234;Chargé / Chargée de location de matériel de transport ou de loisirs;Tourisme : conception de produits touristiques, voyages;;
696e4a38f74ca42de86de4ec;D1235;Plagiste;Nettoyage, propreté;;
696e4a38f74ca42de86de605;D1235;Plagiste;Accueil touristique;;
696e4a38f74ca42de86de627;D1236;Repasseur / Repasseuse;Pressing, blanchisserie, teinturerie, cordonnerie;;
696e4a38f74ca42de86de3cf;D1237;Socio-esthéticien / Socio-esthéticienne;Santé, soins aux personnes;;
696e4a38f74ca42de86de620;D1237;Socio-esthéticien / Socio-esthéticienne;Esthétique;;
696e4a38f74ca42de86de26c;D1238;Chef / Cheffe d'agence de location de véhicules;Management, exploitation, gestion, ingéniérie de la chaîne logistique;;x
696e4a38f74ca42de86de27f;D1238;Chef / Cheffe d'agence de location de véhicules;Transport, conduite, livraison;;
696e4a38f74ca42de86de621;D1239;Perceur corporel / Perceuse corporelle;Esthétique;;
696e4a38f74ca42de86de622;D1240;Prothésiste ongulaire;Esthétique;;
696e4a38f74ca42de86de5d6;D1241;Conseiller / Conseillère en image personnelle;Mode, travail du textile et du cuir;;
696e4a38f74ca42de86de623;D1241;Conseiller / Conseillère en image personnelle;Esthétique;;
696e4a38f74ca42de86de628;D1242;Linger / Lingère;Pressing, blanchisserie, teinturerie, cordonnerie;;
696e4a37f74ca42de86de243;D1243;Acheteur vendeur / Acheteuse vendeuse en dépôt-vente;Vente en magasin : produits non alimentaires (vêtements, équipement, livres, …);;
696e4a37f74ca42de86de20c;D1303;Responsable de station-service;Management commercial;;
696e4a38f74ca42de86de24c;D1303;Responsable de station-service;Commerce en entreprise;;
696e4a38f74ca42de86de4ed;D1304;Responsable de station de lavage;Nettoyage, propreté;;
696e4a37f74ca42de86de20d;D1305;Responsable de magasin cycles;Management commercial;;
696e4a38f74ca42de86de24d;D1305;Responsable de magasin cycles;Commerce en entreprise;;
696e4a37f74ca42de86de21c;D1421;Conseiller commercial / Conseillère commerciale en véhicules industriels;Développement commercial, force de vente;;
696e4a38f74ca42de86de24e;D1421;Conseiller commercial / Conseillère commerciale en véhicules industriels;Commerce en entreprise;;
696e4a38f74ca42de86de4ce;D1422;Chargé / Chargée de recouvrement de créances;Finance, Analyse financière, contrôle de gestion, trésorerie;;
696e4a38f74ca42de86de52b;D1422;Chargé / Chargée de recouvrement de créances;Comptabilité, gestion de paie;;
696e4a37f74ca42de86de21d;D1423;Conseiller / Conseillère produits en véhicules;Développement commercial, force de vente;;
696e4a38f74ca42de86de24f;D1423;Conseiller / Conseillère produits en véhicules;Commerce en entreprise;;
696e4a37f74ca42de86de21e;D1424;Conseiller vendeur / Conseillère vendeuse à domicile;Développement commercial, force de vente;;
696e4a38f74ca42de86de398;D1424;Conseiller vendeur / Conseillère vendeuse à domicile;Téléconseil, vente à distance;;
696e4a37f74ca42de86de21f;D1425;Conseiller vendeur / Conseillère vendeuse de véhicules poids lourds;Développement commercial, force de vente;;
696e4a38f74ca42de86de250;D1425;Conseiller vendeur / Conseillère vendeuse de véhicules poids lourds;Commerce en entreprise;;
696e4a37f74ca42de86de220;D1426;Vendeur / Vendeuse en véhicules de collection;Développement commercial, force de vente;;
696e4a38f74ca42de86de251;D1426;Vendeur / Vendeuse en véhicules de collection;Commerce en entreprise;;
696e4a37f74ca42de86de221;D1427;Conseiller vendeur / Conseillère vendeuse d'autocars;Développement commercial, force de vente;;
696e4a38f74ca42de86de252;D1427;Conseiller vendeur / Conseillère vendeuse d'autocars;Commerce en entreprise;;
696e4a37f74ca42de86de1d8;D1428;Superviseur / Superviseuse technique et logistique en assistance de régulation médicale;Sécurité, secours, surveillance;;
696e4a38f74ca42de86de3d0;D1428;Superviseur / Superviseuse technique et logistique en assistance de régulation médicale;Santé, soins aux personnes;;
696e4a38f74ca42de86de253;D1429;Assistant / Assistante import-export;Commerce en entreprise;;
696e4a38f74ca42de86de62a;D1429;Assistant / Assistante import-export;Achats;;
696e4a37f74ca42de86de222;D1430;Conseiller vendeur / Conseillère vendeuse de véhicules de loisirs;Développement commercial, force de vente;;
696e4a38f74ca42de86de254;D1430;Conseiller vendeur / Conseillère vendeuse de véhicules de loisirs;Commerce en entreprise;;
696e4a38f74ca42de86de3ed;D1431;Assistant / Assistante achat;Administratif, secrétariat, assistanat;;
696e4a38f74ca42de86de62b;D1431;Assistant / Assistante achat;Achats;;
696e4a37f74ca42de86de233;D1432;Assistant / Assistante service clients;Accueil, service client;;
696e4a38f74ca42de86de3ee;D1432;Assistant / Assistante service clients;Administratif, secrétariat, assistanat;;
696e4a37f74ca42de86de223;D1433;Commercial / Commerciale export;Développement commercial, force de vente;;
696e4a38f74ca42de86de255;D1433;Commercial / Commerciale export;Commerce en entreprise;;
696e4a37f74ca42de86de224;D1434;Conseiller commercial / Conseillère commerciale motocycles;Développement commercial, force de vente;;
696e4a38f74ca42de86de256;D1434;Conseiller commercial / Conseillère commerciale motocycles;Commerce en entreprise;;
696e4a37f74ca42de86de234;D1435;Responsable de plateau de centre d'appels;Accueil, service client;;
696e4a37f74ca42de86de20e;D1435;Responsable de plateau de centre d'appels;Management commercial;;
696e4a37f74ca42de86de1d9;D1436;Assistant / Assistante de régulation médicale (ARM);Sécurité, secours, surveillance;;
696e4a38f74ca42de86de3d1;D1436;Assistant / Assistante de régulation médicale (ARM);Santé, soins aux personnes;;
696e4a37f74ca42de86de20f;D1437;Gérant / Gérante de négoce automobile;Management commercial;;
696e4a37f74ca42de86de244;D1437;Gérant / Gérante de négoce automobile;Vente en magasin : produits non alimentaires (vêtements, équipement, livres, …);;
696e4a37f74ca42de86de225;D1438;Assistant / Assistante e-commerce;Développement commercial, force de vente;;
696e4a38f74ca42de86de2b3;D1438;Assistant / Assistante e-commerce;Communication, marketing, publicité;;
696e4a37f74ca42de86de236;D1511;Opérateur / Opératrice de station service;Accueil, service client;;
696e4a37f74ca42de86de201;D1511;Opérateur / Opératrice de station service;Vente en magasin : alimentation, produits frais, boissons;;
696e4a38f74ca42de86de576;E1114;Reporter / Reportrice;Journalisme, création de contenu;;
696e4a38f74ca42de86de57c;E1115;Chef / Cheffe de projet jeux vidéo;Conception de jeux vidéos;;
696e4a38f74ca42de86de571;E1116;Responsable d'édition en presse;Edition;;
696e4a38f74ca42de86de577;E1116;Responsable d'édition en presse;Journalisme, création de contenu;;
696e4a38f74ca42de86de4a6;E1117;Wedding planner;Organisation d'événements;;
696e4a38f74ca42de86de578;E1118;Présentateur / Présentatrice journaliste;Journalisme, création de contenu;;
696e4a38f74ca42de86de2b4;E1119;Concepteur rédacteur / Conceptrice rédactrice;Communication, marketing, publicité;;
696e4a38f74ca42de86de579;E1119;Concepteur rédacteur / Conceptrice rédactrice;Journalisme, création de contenu;;
696e4a38f74ca42de86de569;E1120;Chef / Cheffe de projets traduction;Traduction, écriture;;
696e4a38f74ca42de86de572;E1121;Secrétaire de rédaction;Edition;;
696e4a38f74ca42de86de57a;E1121;Secrétaire de rédaction;Journalisme, création de contenu;;
696e4a38f74ca42de86de56a;E1122;Transcripteur adaptateur / Transcriptrice adaptatrice;Traduction, écriture;;
696e4a38f74ca42de86de56b;E1123;Interprète;Traduction, écriture;;
696e4a38f74ca42de86de2b5;E1124;Social media manager - Responsable des médias sociaux;Communication, marketing, publicité;;
696e4a38f74ca42de86de566;E1124;Social media manager - Responsable des médias sociaux;Animation web, community management;;
696e4a38f74ca42de86de57d;E1125;Concepteur / Conceptrice de jeux vidéo;Conception de jeux vidéos;;
696e4a38f74ca42de86de57e;E1126;Auteur / Auteure de jeux de société;Conception de jeux vidéos;;
696e4a38f74ca42de86de2b6;E1127;Brand content manager;Communication, marketing, publicité;;
696e4a38f74ca42de86de2b7;E1128;Directeur / Directrice de création;Communication, marketing, publicité;;
696e4a38f74ca42de86de2ca;E1128;Directeur / Directrice de création;Graphisme, infographisme, conception de contenus multimédia;;
696e4a38f74ca42de86de2b8;E1129;Directeur / Directrice artistique communication;Communication, marketing, publicité;;
696e4a38f74ca42de86de2cb;E1129;Directeur / Directrice artistique communication;Graphisme, infographisme, conception de contenus multimédia;;
696e4a38f74ca42de86de39c;E1208;Chef / Cheffe de studio de photographie;Photographie;;
696e4a38f74ca42de86de39d;E1209;Responsable de laboratoire photographique;Photographie;;
696e4a38f74ca42de86de2cc;E1210;Web designer;Graphisme, infographisme, conception de contenus multimédia;;
696e4a38f74ca42de86de55d;E1210;Web designer;Développement web, intégration;;
696e4a38f74ca42de86de2cd;E1211;Dessinateur-illustrateur / Dessinatrice-illustratrice;Graphisme, infographisme, conception de contenus multimédia;;
696e4a38f74ca42de86de62d;E1211;Dessinateur-illustrateur / Dessinatrice-illustratrice;Dessin d'art;;
696e4a38f74ca42de86de547;E1309;Responsable d'atelier de faÃ§onnage routage;Imprimerie;;
696e4a38f74ca42de86de34c;E1310;Contrôleur / Contrôleuse qualité en industrie graphique;Risques, qualité, hygiène, sécurité, environnement (QHSE);;
696e4a38f74ca42de86de548;E1310;Contrôleur / Contrôleuse qualité en industrie graphique;Imprimerie;;
696e4a38f74ca42de86de549;E1311;Régleur / Régleuse de machines de faÃ§onnage routage;Imprimerie;;
696e4a38f74ca42de86de56c;E1312;Lecteur-correcteur / Lectrice-correctrice;Traduction, écriture;;
696e4a38f74ca42de86de573;E1312;Lecteur-correcteur / Lectrice-correctrice;Edition;;
696e4a38f74ca42de86de54a;E1313;Agent / Agente d'encadrement en industrie graphique;Imprimerie;;
696e4a38f74ca42de86de54b;E1314;Conducteur / Conductrice de machines à pelliculer;Imprimerie;;
696e4a38f74ca42de86de54c;E1315;Conducteur / Conductrice de machines de reliure automatique;Imprimerie;;
696e4a38f74ca42de86de2b9;E1403;Consultant / Consultante média;Communication, marketing, publicité;;
696e4a38f74ca42de86de2ba;E1404;Assistant / Assistante en publicité;Communication, marketing, publicité;;
696e4a38f74ca42de86de2bb;E1405;Référenceur / Référenceuse web;Communication, marketing, publicité;;
696e4a38f74ca42de86de55e;E1405;Référenceur / Référenceuse web;Développement web, intégration;;
696e4a38f74ca42de86de2bc;E1406;Influenceur / Influenceuse web;Communication, marketing, publicité;;
696e4a38f74ca42de86de567;E1406;Influenceur / Influenceuse web;Animation web, community management;;
696e4a38f74ca42de86de2bd;E1407;Traffic manager;Communication, marketing, publicité;;
696e4a38f74ca42de86de2be;E1408;Responsable trafic création;Communication, marketing, publicité;;
696e4a38f74ca42de86de2bf;E1409;Acheteur / Acheteuse média;Communication, marketing, publicité;;
696e4a38f74ca42de86de62c;E1409;Acheteur / Acheteuse média;Achats;;
696e4a38f74ca42de86de2c0;E1410;Responsable programmatique;Communication, marketing, publicité;;
696e4a38f74ca42de86de2c1;E1411;Chargé / Chargée de développement du patrimoine publicitaire;Communication, marketing, publicité;;
696e4a38f74ca42de86de2c2;E1412;Directeur / Directrice média;Communication, marketing, publicité;;
696e4a38f74ca42de86de2c3;E1413;Chef / Cheffe de projet publicitaire;Communication, marketing, publicité;;
696e4a38f74ca42de86de2c4;E1414;Chargé / Chargée de diffusion publicitaire;Communication, marketing, publicité;;
696e4a38f74ca42de86de2c5;E1415;Directeur / Directrice de la production publicitaire;Communication, marketing, publicité;;
696e4a38f74ca42de86de317;F1127;Architecte-urbaniste;Génie industriel, ingéniérie généraliste;;x
696e4a38f74ca42de86de4ab;F1127;Architecte-urbaniste;Architecture;;
696e4a37f74ca42de86de1de;F1128;Géotechnicien / Géotechnicienne;Ingéniérie, agronomie;;
696e4a38f74ca42de86de608;F1128;Géotechnicien / Géotechnicienne;Géologie, hydrologie, topographie;;
696e4a38f74ca42de86de2d4;F1129;Ingénieur / Ingénieure réservoir;Energie;;
696e4a38f74ca42de86de318;F1129;Ingénieur / Ingénieure réservoir;Génie industriel, ingéniérie généraliste;;
696e4a38f74ca42de86de34d;F1130;Contrôleur / Contrôleuse technique de la construction (CTC);Risques, qualité, hygiène, sécurité, environnement (QHSE);;
696e4a38f74ca42de86de58c;F1130;Contrôleur / Contrôleuse technique de la construction (CTC);Conduite de travaux, direction de chantier;;
696e4a38f74ca42de86de609;F1131;Géomètre du cadastre;Géologie, hydrologie, topographie;;
696e4a38f74ca42de86de34e;F1132;Acousticien / Acousticienne du bâtiment;Risques, qualité, hygiène, sécurité, environnement (QHSE);;
696e4a38f74ca42de86de583;F1132;Acousticien / Acousticienne du bâtiment;Ingéniérie en BTP (Bureau d'études, conception technique, BIM, …);;
696e4a38f74ca42de86de62e;F1133;Chargé / Chargée d'affaires foncières;Vente, transaction, gestion immobilière;;
696e4a38f74ca42de86de62f;F1133;Chargé / Chargée d'affaires foncières;Diagnostic immobilier, conformité;;
696e4a38f74ca42de86de303;F1134;Domoticien / Domoticienne;Maintenance, installation et assistance informatique;;
696e4a38f74ca42de86de5a4;F1134;Domoticien / Domoticienne;Electricité, climatisation, domotique, électronique;;
696e4a38f74ca42de86de584;F1135;Chargé / Chargée d'affaires BTP;Ingéniérie en BTP (Bureau d'études, conception technique, BIM, …);;
696e4a38f74ca42de86de58d;F1135;Chargé / Chargée d'affaires BTP;Conduite de travaux, direction de chantier;;
696e4a38f74ca42de86de2d5;F1136;Chef / Cheffe de projet éolien;Energie;;
696e4a38f74ca42de86de319;F1136;Chef / Cheffe de projet éolien;Génie industriel, ingéniérie généraliste;;
696e4a38f74ca42de86de585;F1137;Chargé / Chargée de méthodes BTP;Ingéniérie en BTP (Bureau d'études, conception technique, BIM, …);;
696e4a38f74ca42de86de58e;F1137;Chargé / Chargée de méthodes BTP;Conduite de travaux, direction de chantier;;
696e4a38f74ca42de86de2d6;F1138;Géothermicien / Géothermicienne;Energie;;
696e4a38f74ca42de86de31a;F1138;Géothermicien / Géothermicienne;Génie industriel, ingéniérie généraliste;;
696e4a38f74ca42de86de4fe;F1139;Décorateur / Décoratrice d'intérieur;Décoration d'espaces, merchandising, architecture d'intérieur;;
696e4a38f74ca42de86de4ff;F1140;Concepteur / Conceptrice agencement;Décoration d'espaces, merchandising, architecture d'intérieur;;
696e4a38f74ca42de86de617;F1140;Concepteur / Conceptrice agencement;Mobilier, ameublement, tapisserie;;
696e4a38f74ca42de86de586;F1141;Ingénieur / Ingénieure études conception électrique;Ingéniérie en BTP (Bureau d'études, conception technique, BIM, …);;
696e4a38f74ca42de86de630;F1141;Ingénieur / Ingénieure études conception électrique;Génie électrique;;
696e4a37f74ca42de86de1f4;F1142;Océanographe;Enseignement, Recherche;;
696e4a38f74ca42de86de42c;F1142;Océanographe;Biologie, santé, sciences physiques;;
696e4a38f74ca42de86de31b;F1143;Géophysicien / Géophysicienne;Génie industriel, ingéniérie généraliste;;
696e4a38f74ca42de86de60a;F1143;Géophysicien / Géophysicienne;Géologie, hydrologie, topographie;;
696e4a38f74ca42de86de58f;F1208;Conducteur / Conductrice de travaux publics;Conduite de travaux, direction de chantier;;
696e4a38f74ca42de86de590;F1209;Chef / Cheffe de chantier travaux publics;Conduite de travaux, direction de chantier;;
696e4a38f74ca42de86de591;F1210;Directeur / Directrice de travaux TP - Travaux Publics;Conduite de travaux, direction de chantier;;
696e4a38f74ca42de86de4e0;F1303;Conducteur / Conductrice d'engin de damage;Conduite d'engins de chantier;;
696e4a38f74ca42de86de592;F1505;Echafaudeur / Echafaudeuse;Conduite de travaux, direction de chantier;;
696e4a38f74ca42de86de5b3;F1626;Calorifugeur / Calorifugeuse;Facade, étanchéité, acoustique, isolation, couverture;;
696e4a38f74ca42de86de331;F1627;Poseur / Poseuse de compteurs;Installation et maintenance réseaux telecom et énergie;;
696e4a38f74ca42de86de2d7;F1628;Installateur / Installatrice de bornes de recharges électriques;Energie;;
696e4a38f74ca42de86de332;F1628;Installateur / Installatrice de bornes de recharges électriques;Installation et maintenance réseaux telecom et énergie;;
696e4a38f74ca42de86de30b;F1629;Electricien / Electricienne ferroviaire;Transport ferroviaire;;
696e4a38f74ca42de86de5a5;F1629;Electricien / Electricienne ferroviaire;Electricité, climatisation, domotique, électronique;;
696e4a38f74ca42de86de333;F1630;Technicien / Technicienne de désenfumage;Installation et maintenance réseaux telecom et énergie;;
696e4a38f74ca42de86de34f;F1630;Technicien / Technicienne de désenfumage;Risques, qualité, hygiène, sécurité, environnement (QHSE);;
696e4a38f74ca42de86de593;F1711;Poseur / Poseuse de voies ferrées;Conduite de travaux, direction de chantier;;
696e4a38f74ca42de86de30c;F1711;Poseur / Poseuse de voies ferrées;Transport ferroviaire;;
696e4a38f74ca42de86de413;G1235;Animateur / Animatrice de séjour de vacances;Animation jeunesse, culturelle, touristique;;
696e4a38f74ca42de86de414;G1236;Animateur / Animatrice de club de vacances;Animation jeunesse, culturelle, touristique;;
696e4a38f74ca42de86de415;G1237;Directeur / Directrice d'accueil de loisirs sans hébergement;Animation jeunesse, culturelle, touristique;;
696e4a38f74ca42de86de416;G1238;Animateur / Animatrice d'atelier multimédia;Animation jeunesse, culturelle, touristique;;
696e4a38f74ca42de86de417;G1239;Responsable d'animation;Animation jeunesse, culturelle, touristique;;
696e4a38f74ca42de86de418;G1240;Animateur / Animatrice nature environnement;Animation jeunesse, culturelle, touristique;;
696e4a38f74ca42de86de419;G1241;Directeur / Directrice de centre de séjour de vacances;Animation jeunesse, culturelle, touristique;;
696e4a38f74ca42de86de41a;G1242;Médiateur / Médiatrice scientifique;Animation jeunesse, culturelle, touristique;;
696e4a38f74ca42de86de38d;G1304;Responsable d'agence de voyages;Tourisme : conception de produits touristiques, voyages;;
696e4a38f74ca42de86de38e;G1305;Assistant / Assistante chef de produit tourisme;Tourisme : conception de produits touristiques, voyages;;
696e4a37f74ca42de86de239;G1306;Billettiste voyages;Accueil, service client;;
696e4a38f74ca42de86de38f;G1306;Billettiste voyages;Tourisme : conception de produits touristiques, voyages;;
696e4a37f74ca42de86de226;G1307;Responsable de ventes de voyages en plateau d'affaires;Développement commercial, force de vente;;
696e4a38f74ca42de86de390;G1307;Responsable de ventes de voyages en plateau d'affaires;Tourisme : conception de produits touristiques, voyages;;
696e4a38f74ca42de86de391;G1308;Chef / Cheffe de produit touristique;Tourisme : conception de produits touristiques, voyages;;
696e4a38f74ca42de86de5b5;G1415;Gérant / Gérante de gîte et chambres d'hôtes;Hotellerie;;
696e4a38f74ca42de86de606;G1415;Gérant / Gérante de gîte et chambres d'hôtes;Accueil touristique;;
696e4a38f74ca42de86de5b6;G1416;Directeur / Directrice d'hôtellerie de plein air;Hotellerie;;
696e4a38f74ca42de86de5f6;G1416;Directeur / Directrice d'hôtellerie de plein air;Management, direction d'hôtel, restaurant, loisirs;;
696e4a37f74ca42de86de202;G1612;Crêpier / Crêpière;Vente en magasin : alimentation, produits frais, boissons;;
696e4a38f74ca42de86de32b;G1612;Crêpier / Crêpière;Cuisine;;
696e4a37f74ca42de86de203;G1613;Restaurateur ambulant / Restauratrice ambulante;Vente en magasin : alimentation, produits frais, boissons;;
696e4a38f74ca42de86de32c;G1613;Restaurateur ambulant / Restauratrice ambulante;Cuisine;;
696e4a38f74ca42de86de42d;H1226;Rédacteur médical / Rédactrice médicale en industrie pharmaceutique;Biologie, santé, sciences physiques;;
696e4a38f74ca42de86de56d;H1226;Rédacteur médical / Rédactrice médicale en industrie pharmaceutique;Traduction, écriture;;
696e4a38f74ca42de86de561;H1227;Maquettiste en électronique;Electronique, informatique industrielle;;
696e4a38f74ca42de86de631;H1227;Maquettiste en électronique;Génie électrique;;
696e4a38f74ca42de86de562;H1228;Projeteur / Projeteuse chef de groupe en électricité-électronique;Electronique, informatique industrielle;;
696e4a38f74ca42de86de632;H1228;Projeteur / Projeteuse chef de groupe en électricité-électronique;Génie électrique;;
696e4a38f74ca42de86de2ce;H1229;Roughman / Roughwoman en design;Graphisme, infographisme, conception de contenus multimédia;;
696e4a38f74ca42de86de5c9;H1229;Roughman / Roughwoman en design;Design industriel;;
696e4a37f74ca42de86de1b4;H1230;Ingénieur / Ingénieure essais vérification et validation (V&V) en milieu nucléaire;Assainissement biologique, nucléaire, dépollution;;
696e4a38f74ca42de86de31c;H1230;Ingénieur / Ingénieure essais vérification et validation (V&V) en milieu nucléaire;Génie industriel, ingéniérie généraliste;;
696e4a38f74ca42de86de5bd;H1231;Patronnier / Patronnière en chaussures;Industrie Textile;;
696e4a38f74ca42de86de5d7;H1231;Patronnier / Patronnière en chaussures;Mode, travail du textile et du cuir;;
696e4a38f74ca42de86de5be;H1232;Technicien / Technicienne d'études en industrie des matériaux souples;Industrie Textile;;
696e4a38f74ca42de86de5d8;H1232;Technicien / Technicienne d'études en industrie des matériaux souples;Mode, travail du textile et du cuir;;
696e4a38f74ca42de86de2cf;H1233;Chef de projet / Cheffe de projet design;Graphisme, infographisme, conception de contenus multimédia;;
696e4a38f74ca42de86de5ca;H1233;Chef de projet / Cheffe de projet design;Design industriel;;
696e4a38f74ca42de86de56e;H1234;Responsable de service de rédaction technique;Traduction, écriture;;
696e4a38f74ca42de86de2e9;H1235;Technicien / Technicienne en conception industrielle en mécanique;Mécanique, maintenance industrielle;;
696e4a38f74ca42de86de31d;H1235;Technicien / Technicienne en conception industrielle en mécanique;Génie industriel, ingéniérie généraliste;;
696e4a38f74ca42de86de563;H1236;Dessinateur-projeteur / Dessinatrice-projeteuse en électricité-électronique;Electronique, informatique industrielle;;
696e4a38f74ca42de86de633;H1236;Dessinateur-projeteur / Dessinatrice-projeteuse en électricité-électronique;Génie électrique;;
696e4a38f74ca42de86de2d8;H1237;Ingénieur / Ingénieure énergies renouvelables;Energie;;
696e4a38f74ca42de86de31e;H1237;Ingénieur / Ingénieure énergies renouvelables;Génie industriel, ingéniérie généraliste;;
696e4a38f74ca42de86de2ea;H1238;Chef / Cheffe de projet conception industrielle en mécanique;Mécanique, maintenance industrielle;;
696e4a38f74ca42de86de31f;H1238;Chef / Cheffe de projet conception industrielle en mécanique;Génie industriel, ingéniérie généraliste;;
696e4a38f74ca42de86de564;H1239;Technicien / Technicienne en conception électronique, électrique;Electronique, informatique industrielle;;
696e4a38f74ca42de86de634;H1239;Technicien / Technicienne en conception électronique, électrique;Génie électrique;;
696e4a38f74ca42de86de5d9;H1240;Agent / Agente de finissage couleurs et effets cuirs et peaux;Mode, travail du textile et du cuir;;
696e4a38f74ca42de86de2d9;H1241;Architecte système hydrogène;Energie;;
696e4a38f74ca42de86de320;H1241;Architecte système hydrogène;Génie industriel, ingéniérie généraliste;;
696e4a38f74ca42de86de351;H1523;Responsable Qualité Sécurité Environnement -QSE- en industrie;Risques, qualité, hygiène, sécurité, environnement (QHSE);;
696e4a38f74ca42de86de352;H1524;Qualiticien / Qualiticienne en industrie;Risques, qualité, hygiène, sécurité, environnement (QHSE);;
696e4a38f74ca42de86de42e;H1525;Biologiste de contrôle fabrication en industrie;Biologie, santé, sciences physiques;;
696e4a38f74ca42de86de353;H1526;Technicien / Technicienne qualité-surveillance d'installations industrielles;Risques, qualité, hygiène, sécurité, environnement (QHSE);;
696e4a38f74ca42de86de354;H1527;Ingénieur / Ingénieure qualité en industrie;Risques, qualité, hygiène, sécurité, environnement (QHSE);;
696e4a38f74ca42de86de355;H1528;Technicien / Technicienne qualité en industrie;Risques, qualité, hygiène, sécurité, environnement (QHSE);;
696e4a38f74ca42de86de3d3;H1529;Chargé / Chargée de matériovigilance;Santé, soins aux personnes;;
696e4a38f74ca42de86de4be;H1530;Technicien / Technicienne de la qualité de l'eau;Assainissement, distribution des eaux;;
696e4a38f74ca42de86de542;H1531;Opérateur / Opératrice de laboratoire d'analyse industrielle;Analyse de données, data;;
696e4a38f74ca42de86de5c5;H1531;Opérateur / Opératrice de laboratoire d'analyse industrielle;Chimie;;
696e4a38f74ca42de86de321;H1532;Responsable de contrôle non destructif en industrie;Génie industriel, ingéniérie généraliste;;
696e4a38f74ca42de86de356;H1532;Responsable de contrôle non destructif en industrie;Risques, qualité, hygiène, sécurité, environnement (QHSE);;
696e4a38f74ca42de86de322;H1533;Ingénieur / Ingénieure CND END;Génie industriel, ingéniérie généraliste;;
696e4a38f74ca42de86de357;H1533;Ingénieur / Ingénieure CND END;Risques, qualité, hygiène, sécurité, environnement (QHSE);;
696e4a38f74ca42de86de323;H1534;Ingénieur / Ingénieure d'analyse industrielle;Génie industriel, ingéniérie généraliste;;
696e4a38f74ca42de86de543;H1534;Ingénieur / Ingénieure d'analyse industrielle;Analyse de données, data;;
696e4a38f74ca42de86de594;H2105;Agent / Agente de production en industrie alimentaire;Conduite de travaux, direction de chantier;;x
696e4a38f74ca42de86de5f3;H2105;Agent / Agente de production en industrie alimentaire;Industrie Agroalimentaire;;
696e4a38f74ca42de86de324;H2212;Technicien / Technicienne de fabrication en industrie du bois;Génie industriel, ingéniérie généraliste;;
696e4a38f74ca42de86de598;H2212;Technicien / Technicienne de fabrication en industrie du bois;Travail du bois, ébénisterie, Menuiserie, Charpente;;
696e4a38f74ca42de86de599;H2213;Menuisier / Menuisière en construction nautique;Travail du bois, ébénisterie, Menuiserie, Charpente;;
696e4a38f74ca42de86de5f8;H2213;Menuisier / Menuisière en construction nautique;Mécanique bateaux;;
696e4a38f74ca42de86de59a;H2214;Mérandier / Mérandière;Travail du bois, ébénisterie, Menuiserie, Charpente;;
696e4a38f74ca42de86de635;H2214;Mérandier / Mérandière;Industrie des matériaux de construction;;
696e4a38f74ca42de86de59b;H2215;Caissier / Caissière de l'emballage industriel;Travail du bois, ébénisterie, Menuiserie, Charpente;;
696e4a38f74ca42de86de636;H2215;Caissier / Caissière de l'emballage industriel;Industrie des matériaux de construction;;
696e4a38f74ca42de86de5c7;H2304;Opérateur / Opératrice de fabrication des industries chimiques;Chimie;;
696e4a38f74ca42de86de325;H2509;Ingénieur / Ingénieure de fonderie ou de forge;Génie industriel, ingéniérie généraliste;;
696e4a38f74ca42de86de59e;H2509;Ingénieur / Ingénieure de fonderie ou de forge;Métallurgie (soudure, chaudronnerie, tuyautage, …);;
696e4a38f74ca42de86de326;H2510;Directeur / Directrice de production industrielle;Génie industriel, ingéniérie généraliste;;
696e4a38f74ca42de86de47a;H2510;Directeur / Directrice de production industrielle;Direction d'entreprise;;
696e4a37f74ca42de86de1b6;H2706;Opérateur / Opératrice de production en énergie nucléaire;Assainissement biologique, nucléaire, dépollution;;
696e4a38f74ca42de86de2da;H2706;Opérateur / Opératrice de production en énergie nucléaire;Energie;;
696e4a37f74ca42de86de1b7;H2707;Technicien / Technicienne essais en industrie nucléaire;Assainissement biologique, nucléaire, dépollution;;
696e4a38f74ca42de86de2db;H2707;Technicien / Technicienne essais en industrie nucléaire;Energie;;
696e4a37f74ca42de86de1b8;H2708;Technicien / Technicienne d'exploitation nucléaire;Assainissement biologique, nucléaire, dépollution;;
696e4a38f74ca42de86de2dc;H2708;Technicien / Technicienne d'exploitation nucléaire;Energie;;
696e4a38f74ca42de86de2a0;H2709;Conducteur / Conductrice d'installation d'incinération;Recyclage, collecte, traitement des déchets, assainissement, dépollution;;
696e4a38f74ca42de86de2dd;H2709;Conducteur / Conductrice d'installation d'incinération;Energie;;
696e4a38f74ca42de86de2de;H2710;Responsable technique d'installation hydrogène;Energie;;
696e4a38f74ca42de86de2eb;H2918;AffÃ»teur / AffÃ»teuse d'outillage industriel;Mécanique, maintenance industrielle;;
696e4a38f74ca42de86de59c;H2918;AffÃ»teur / AffÃ»teuse d'outillage industriel;Travail du bois, ébénisterie, Menuiserie, Charpente;;
696e4a38f74ca42de86de257;H3103;Opérateur / Opératrice de production de pâte à papier;Industrie du papier, carton, emballage;;
696e4a38f74ca42de86de258;H3104;Opérateur / Opératrice de production de papier carton;Industrie du papier, carton, emballage;;
696e4a38f74ca42de86de259;H3105;Technicien / Technicienne de production en industrie papetière;Industrie du papier, carton, emballage;;
696e4a38f74ca42de86de25b;I1108;Chef / Cheffe d'atelier engins de chantier;Mécanique engins agricoles et engins de chantier;;
696e4a38f74ca42de86de25e;I1108;Chef / Cheffe d'atelier engins de chantier;Management, exploitation, gestion, ingéniérie de la chaîne logistique;;x
696e4a38f74ca42de86de26d;I1109;Responsable de parc de véhicules;Transport, conduite, livraison;;
696e4a38f74ca42de86de25f;I1109;Responsable de parc de véhicules;Management, exploitation, gestion, ingéniérie de la chaîne logistique;;
696e4a38f74ca42de86de25c;I1110;Chef / Cheffe d'atelier machines agricoles;Mécanique engins agricoles et engins de chantier;;
696e4a38f74ca42de86de281;I1110;Chef / Cheffe d'atelier machines agricoles;Conduite d'engins agricoles;;
696e4a37f74ca42de86de206;I1111;Responsable technique après-vente des véhicules;Management commercial;;
696e4a38f74ca42de86de282;I1111;Responsable technique après-vente des véhicules;Mécanique, carrosserie auto, moto;;
696e4a38f74ca42de86de293;I1112;Chef / Cheffe d'atelier engins de levage et de manutention;Magasinage, manutention, entreposage, préparation de commandes;;
696e4a38f74ca42de86de25d;I1112;Chef / Cheffe d'atelier engins de levage et de manutention;Mécanique engins agricoles et engins de chantier;;
696e4a38f74ca42de86de283;I1113;Chef / Cheffe d'atelier en démontage recyclage de VHU;Mécanique, carrosserie auto, moto;;
696e4a38f74ca42de86de295;I1113;Chef / Cheffe d'atelier en démontage recyclage de VHU;Recyclage, collecte, traitement des déchets, assainissement, dépollution;;
696e4a38f74ca42de86de284;I1114;Responsable de centre de contrôle technique de véhicules;Mécanique, carrosserie auto, moto;;
696e4a38f74ca42de86de260;I1114;Responsable de centre de contrôle technique de véhicules;Management, exploitation, gestion, ingéniérie de la chaîne logistique;;
696e4a37f74ca42de86de247;I1115;Responsable de site(s) de vente et de réparation cycles;Commerce en entreprise;;
696e4a38f74ca42de86de285;I1115;Responsable de site(s) de vente et de réparation cycles;Mécanique, carrosserie auto, moto;;
696e4a38f74ca42de86de261;I1116;Responsable d'exploitation de stationnement;Management, exploitation, gestion, ingéniérie de la chaîne logistique;;
696e4a38f74ca42de86de26e;I1116;Responsable d'exploitation de stationnement;Transport, conduite, livraison;;
696e4a37f74ca42de86de248;I1117;Chef / Cheffe d'atelier après-vente cycles;Commerce en entreprise;;
696e4a38f74ca42de86de286;I1117;Chef / Cheffe d'atelier après-vente cycles;Mécanique, carrosserie auto, moto;;
696e4a37f74ca42de86de207;I1118;Responsable de site SMAVA (service multimarques de l'après-vente automobile);Management commercial;;
696e4a38f74ca42de86de287;I1118;Responsable de site SMAVA (service multimarques de l'après-vente automobile);Mécanique, carrosserie auto, moto;;
696e4a38f74ca42de86de288;I1119;Responsable de centre de démontage recyclage des VHU;Mécanique, carrosserie auto, moto;;
696e4a38f74ca42de86de296;I1119;Responsable de centre de démontage recyclage des VHU;Recyclage, collecte, traitement des déchets, assainissement, dépollution;;
696e4a38f74ca42de86de2a1;I1206;Chef / Cheffe d'équipe en mobilier urbain et publicitaire;Entretien et maintenance de bâtiments;;
696e4a38f74ca42de86de2a7;I1206;Chef / Cheffe d'équipe en mobilier urbain et publicitaire;Communication, marketing, publicité;;
696e4a38f74ca42de86de2a2;I1207;Agent / Agente de maintenance de mobilier urbain et publicitaire;Entretien et maintenance de bâtiments;;
696e4a37f74ca42de86de1ba;I1208;Patrouilleur autoroutier / Patrouilleuse autoroutière;Sécurité, secours, surveillance;;
696e4a38f74ca42de86de2c6;I1209;Technicien / Technicienne d'installation de panneau digital;Graphisme, infographisme, conception de contenus multimédia;;
696e4a38f74ca42de86de2d0;I1321;Technicien / Technicienne de maintenance d'éoliennes;Energie;;
696e4a38f74ca42de86de2df;I1321;Technicien / Technicienne de maintenance d'éoliennes;Mécanique, maintenance industrielle;;
696e4a38f74ca42de86de2f2;I1322;Technicien / Technicienne de maintenance des automates bancaires;Maintenance, installation et assistance informatique;;
696e4a38f74ca42de86de2ec;I1322;Technicien / Technicienne de maintenance des automates bancaires;Conseil, vente de produits bancaires ou d'assurance, gestion de clientèle;;x
696e4a38f74ca42de86de2e0;I1323;Technicien / Technicienne de maintenance ferroviaire;Mécanique, maintenance industrielle;;
696e4a38f74ca42de86de304;I1323;Technicien / Technicienne de maintenance ferroviaire;Transport ferroviaire;;
696e4a38f74ca42de86de2e1;I1324;Technicien / Technicienne d'installation d'équipements industriels;Mécanique, maintenance industrielle;;
696e4a38f74ca42de86de30d;I1324;Technicien / Technicienne d'installation d'équipements industriels;Génie industriel, ingéniérie généraliste;;
696e4a38f74ca42de86de32d;I1325;Technicien-cuisiniste / Technicienne-cuisiniste en cuisines professionnelles;Installation et maintenance réseaux telecom et énergie;;x
696e4a38f74ca42de86de327;I1325;Technicien-cuisiniste / Technicienne-cuisiniste en cuisines professionnelles;Cuisine;;
696e4a38f74ca42de86de2e2;I1326;Responsable d'équipe maintenance;Mécanique, maintenance industrielle;;
696e4a38f74ca42de86de334;I1326;Responsable d'équipe maintenance;Risques, qualité, hygiène, sécurité, environnement (QHSE);;
696e4a38f74ca42de86de2f3;I1327;Technicien / Technicienne de maintenance en matériel biomédical;Maintenance, installation et assistance informatique;;
696e4a38f74ca42de86de358;I1327;Technicien / Technicienne de maintenance en matériel biomédical;Prothèses, équipements médicaux;;
696e4a38f74ca42de86de363;I1328;Conseiller / Conseillère en hydraulique agricole;Conseil en emploi, insertion, orientation;;x
696e4a38f74ca42de86de359;I1328;Conseiller / Conseillère en hydraulique agricole;Exploitation agricole;;
696e4a38f74ca42de86de2f4;I1329;Technicien / Technicienne de maintenance en audio-vidéo professionnelle;Maintenance, installation et assistance informatique;;
696e4a38f74ca42de86de380;I1329;Technicien / Technicienne de maintenance en audio-vidéo professionnelle;Techniques du son et de l'image;;
696e4a38f74ca42de86de2f5;I1330;Technicien / Technicienne d'installation de centrales téléphoniques;Maintenance, installation et assistance informatique;;
696e4a38f74ca42de86de32e;I1330;Technicien / Technicienne d'installation de centrales téléphoniques;Installation et maintenance réseaux telecom et énergie;;
696e4a38f74ca42de86de2e3;I1331;Nivoculteur / Nivocultrice;Mécanique, maintenance industrielle;;
696e4a38f74ca42de86de387;I1331;Nivoculteur / Nivocultrice;Tourisme : conception de produits touristiques, voyages;;
696e4a38f74ca42de86de2e4;I1332;Chef / Cheffe d'atelier de maintenance industrielle;Mécanique, maintenance industrielle;;
696e4a38f74ca42de86de392;I1332;Chef / Cheffe d'atelier de maintenance industrielle;Management, support en banque, assurance;;x
696e4a38f74ca42de86de2e5;I1333;Chef / Cheffe d'équipe d'installation industrielle;Mécanique, maintenance industrielle;;
696e4a38f74ca42de86de30e;I1333;Chef / Cheffe d'équipe d'installation industrielle;Génie industriel, ingéniérie généraliste;;
696e4a38f74ca42de86de2e6;I1334;Electronicien / Electronicienne de maintenance aéronautique;Mécanique, maintenance industrielle;;
696e4a38f74ca42de86de393;I1334;Electronicien / Electronicienne de maintenance aéronautique;Aéronautique;;
696e4a38f74ca42de86de2e7;I1335;Electromécanicien / Electromécanicienne d'équipements industriels;Mécanique, maintenance industrielle;;
696e4a38f74ca42de86de30f;I1335;Electromécanicien / Electromécanicienne d'équipements industriels;Génie industriel, ingéniérie généraliste;;
696e4a38f74ca42de86de2f6;I1406;Superviseur / Superviseuse hot line en informatique;Maintenance, installation et assistance informatique;;
696e4a38f74ca42de86de396;I1406;Superviseur / Superviseuse hot line en informatique;Téléconseil, vente à distance;;
696e4a38f74ca42de86de2f7;I1407;Réparateur / Réparatrice en produits de télécommunication et multimédia;Maintenance, installation et assistance informatique;;
696e4a38f74ca42de86de2ed;I1407;Réparateur / Réparatrice en produits de télécommunication et multimédia;Conseil, vente de produits bancaires ou d'assurance, gestion de clientèle;;x
696e4a38f74ca42de86de399;I1408;Technicien-réparateur / Technicienne-réparatrice d'appareils photographiques;Photographie;;
696e4a38f74ca42de86de2f8;I1409;Agent / Agente de maintenance en bureautique;Maintenance, installation et assistance informatique;;
696e4a38f74ca42de86de2ee;I1410;Responsable Service Après-Vente -SAV- en électroménager;Conseil, vente de produits bancaires ou d'assurance, gestion de clientèle;;x
696e4a37f74ca42de86de1aa;I1508;Désamianteur / Désamianteuse;Assainissement biologique, nucléaire, dépollution;;
696e4a38f74ca42de86de289;I1621;Tôlier / Tôlière en carrosserie automobile;Mécanique, carrosserie auto, moto;;
696e4a38f74ca42de86de28a;I1622;Technicien expert / Technicienne experte après-vente de véhicules de transport routier;Mécanique, carrosserie auto, moto;;
696e4a37f74ca42de86de228;I1623;Conseiller / Conseillère client après-vente des véhicules;Accueil, service client;;
696e4a37f74ca42de86de23b;I1623;Conseiller / Conseillère client après-vente des véhicules;Vente en magasin : produits non alimentaires (vêtements, équipement, livres, …);;
696e4a38f74ca42de86de28b;I1624;Mécanicien réparateur / Mécanicienne réparatrice de véhicules anciens et historiques;Mécanique, carrosserie auto, moto;;
696e4a38f74ca42de86de28c;I1625;Débosseleur / Débosseleuse;Mécanique, carrosserie auto, moto;;
696e4a38f74ca42de86de28d;I1626;Préparateur / Préparatrice en tôlerie automobile;Mécanique, carrosserie auto, moto;;
696e4a38f74ca42de86de28e;I1627;Technicien expert / Technicienne experte après vente motocycles;Mécanique, carrosserie auto, moto;;
696e4a37f74ca42de86de229;I1628;Conseiller / Conseillère technique cycles;Accueil, service client;;
696e4a37f74ca42de86de23c;I1628;Conseiller / Conseillère technique cycles;Vente en magasin : produits non alimentaires (vêtements, équipement, livres, …);;
696e4a38f74ca42de86de28f;I1629;Technicien / Technicienne de réparation et pose de vitrage des véhicules;Mécanique, carrosserie auto, moto;;
696e4a38f74ca42de86de39e;J1112;Oncologue;Santé, soins aux personnes;;
696e4a38f74ca42de86de39f;J1113;Dermatologue;Santé, soins aux personnes;;
696e4a38f74ca42de86de3a0;J1114;Rhumatologue;Santé, soins aux personnes;;
696e4a38f74ca42de86de3a1;J1115;Pédiatre;Santé, soins aux personnes;;
696e4a38f74ca42de86de3a2;J1116;Gériatre;Santé, soins aux personnes;;
696e4a38f74ca42de86de3a3;J1117;Hématologue;Santé, soins aux personnes;;
696e4a38f74ca42de86de3a4;J1118;Radiologue;Santé, soins aux personnes;;
696e4a38f74ca42de86de3a5;J1119;Chirurgien / Chirurgienne;Santé, soins aux personnes;;
696e4a38f74ca42de86de3a6;J1120;Médecin phlébologue;Santé, soins aux personnes;;
696e4a38f74ca42de86de3a7;J1121;Gastro-entérologue;Santé, soins aux personnes;;
696e4a38f74ca42de86de3a8;J1122;Chirurgien plasticien / Chirurgienne plasticienne;Santé, soins aux personnes;;
696e4a38f74ca42de86de3a9;J1123;Médecin des armées;Santé, soins aux personnes;;
696e4a38f74ca42de86de3aa;J1124;Médecin Anesthésiste Réanimateur / Réanimatrice (MAR);Santé, soins aux personnes;;
696e4a38f74ca42de86de3ab;J1125;Endocrinologue;Santé, soins aux personnes;;
696e4a38f74ca42de86de3ac;J1126;Médecin du sport;Santé, soins aux personnes;;
696e4a38f74ca42de86de3d4;J1126;Médecin du sport;Métiers du sport;;
696e4a38f74ca42de86de3ad;J1127;Médecin urgentiste;Santé, soins aux personnes;;
696e4a38f74ca42de86de3ae;J1128;Pneumologue;Santé, soins aux personnes;;
696e4a38f74ca42de86de3af;J1129;Allergologue;Santé, soins aux personnes;;
696e4a38f74ca42de86de3b0;J1130;Oto-rhino-laryngologiste (ORL);Santé, soins aux personnes;;
696e4a38f74ca42de86de3b1;J1131;Psychiatre;Santé, soins aux personnes;;
696e4a38f74ca42de86de3da;J1131;Psychiatre;Psychologie;;
696e4a38f74ca42de86de3b2;J1132;Neurologue;Santé, soins aux personnes;;
696e4a38f74ca42de86de3b3;J1133;Stomatologue;Santé, soins aux personnes;;
696e4a38f74ca42de86de3b4;J1134;Ophtalmologue;Santé, soins aux personnes;;
696e4a38f74ca42de86de3b5;J1135;Urologue;Santé, soins aux personnes;;
696e4a38f74ca42de86de3b6;J1310;Auxiliaire ambulancier / Auxiliaire ambulancière;Santé, soins aux personnes;;
696e4a38f74ca42de86de3de;J1310;Auxiliaire ambulancier / Auxiliaire ambulancière;Conduite d'ambulance;;
696e4a38f74ca42de86de26f;J1311;Transporteur / Transporteuse de produits de santé;Transport, conduite, livraison;;
696e4a38f74ca42de86de3b7;J1311;Transporteur / Transporteuse de produits de santé;Santé, soins aux personnes;;
696e4a38f74ca42de86de3b8;J1312;Assistant / Assistante dentaire;Santé, soins aux personnes;;
696e4a38f74ca42de86de3df;J1312;Assistant / Assistante dentaire;Administratif, secrétariat, assistanat;;
696e4a38f74ca42de86de3d5;J1414;Coordinateur / Coordinatrice en activité physique adaptée;Métiers du sport;;
696e4a38f74ca42de86de3ef;J1414;Coordinateur / Coordinatrice en activité physique adaptée;Education;;
696e4a38f74ca42de86de3d6;J1415;Enseignant / Enseignante en activité physique adaptée (EAPA);Métiers du sport;;
696e4a38f74ca42de86de3f0;J1415;Enseignant / Enseignante en activité physique adaptée (EAPA);Education;;
696e4a38f74ca42de86de3b9;K1106;Sophrologue;Santé, soins aux personnes;;
696e4a38f74ca42de86de3db;K1106;Sophrologue;Psychologie;;
696e4a38f74ca42de86de364;K1107;Conseiller / Conseillère d'orientation psychologue;Conseil en emploi, insertion, orientation;;
696e4a38f74ca42de86de3dc;K1107;Conseiller / Conseillère d'orientation psychologue;Psychologie;;
696e4a38f74ca42de86de3ba;K1108;Intervenant / Intervenante en médecine non conventionnelle;Santé, soins aux personnes;;
696e4a38f74ca42de86de408;K1213;Médiateur culturel / Médiatrice culturelle;Animation jeunesse, culturelle, touristique;;
696e4a38f74ca42de86de3bb;K1214;Conseiller / Conseillère en génétique;Santé, soins aux personnes;;
696e4a38f74ca42de86de41b;K1214;Conseiller / Conseillère en génétique;Biologie, santé, sciences physiques;;
696e4a38f74ca42de86de42f;K1215;Moniteur / Monitrice d'atelier en milieu de travail protégé;Education spécialisée, assistance auprès d'adultes;;
696e4a38f74ca42de86de438;K1216;Responsable de structure multi accueil petite enfance;Education spécialisée, assistance auprès d'enfants, puériculture;;
696e4a38f74ca42de86de409;K1217;Animateur socioéducatif / Animatrice socioéducative;Animation jeunesse, culturelle, touristique;;
696e4a38f74ca42de86de40a;K1218;Responsable de maison de quartier;Animation jeunesse, culturelle, touristique;;
696e4a38f74ca42de86de40b;K1219;Directeur / Directrice de centre socioculturel;Animation jeunesse, culturelle, touristique;;
696e4a38f74ca42de86de3bc;K1220;Médiateur / Médiatrice en santé;Santé, soins aux personnes;;
696e4a38f74ca42de86de365;K1221;Ecoutant social / Ecoutante sociale;Conseil en emploi, insertion, orientation;;
696e4a38f74ca42de86de366;K1222;Coordinateur / Coordinatrice d'équipes de médiation;Conseil en emploi, insertion, orientation;;
696e4a38f74ca42de86de445;K1223;Technicien / Technicienne de l'administration pénitentiaire;Administration publique (impôts, hopitaux, prisons, structures sociales, …);;
696e4a38f74ca42de86de45a;K1223;Technicien / Technicienne de l'administration pénitentiaire;Formation;;
696e4a38f74ca42de86de367;K1224;Encadrant / Encadrante technique d'insertion socioprofessionnelle;Conseil en emploi, insertion, orientation;;
696e4a38f74ca42de86de368;K1225;Conseiller / Conseillère en économie sociale et familiale (CESF);Conseil en emploi, insertion, orientation;;
696e4a38f74ca42de86de369;K1226;Chargé / Chargée de médiation interculturelle;Conseil en emploi, insertion, orientation;;
696e4a38f74ca42de86de446;K1227;Directeur / Directrice technique de l'administration pénitentiaire;Administration publique (impôts, hopitaux, prisons, structures sociales, …);;
696e4a38f74ca42de86de439;K1314;Auxiliaire de vie sociale auprès d'enfants;Education spécialisée, assistance auprès d'enfants, puériculture;;
696e4a38f74ca42de86de36a;K1411;Médecin conseil en santé publique;Conseil en emploi, insertion, orientation;;
696e4a38f74ca42de86de3bd;K1411;Médecin conseil en santé publique;Santé, soins aux personnes;;
696e4a38f74ca42de86de36b;K1412;Chargé / Chargée de mission aux relations internationales;Conseil en emploi, insertion, orientation;;x
696e4a38f74ca42de86de36c;K1413;Directeur / Directrice d'établissement à caractère social;Conseil en emploi, insertion, orientation;;
696e4a38f74ca42de86de447;K1413;Directeur / Directrice d'établissement à caractère social;Administration publique (impôts, hopitaux, prisons, structures sociales, …);;
696e4a38f74ca42de86de3be;K1414;Chargé / Chargée de mission santé publique;Santé, soins aux personnes;;
696e4a38f74ca42de86de3bf;K1415;Directeur / Directrice d'établissement privé de santé;Santé, soins aux personnes;;
696e4a38f74ca42de86de46e;K1415;Directeur / Directrice d'établissement privé de santé;Direction d'entreprise;;
696e4a38f74ca42de86de36d;K1416;Directeur / Directrice des services pénitentiaires d'insertion et de probation (DSPIP);Conseil en emploi, insertion, orientation;;
696e4a38f74ca42de86de448;K1416;Directeur / Directrice des services pénitentiaires d'insertion et de probation (DSPIP);Administration publique (impôts, hopitaux, prisons, structures sociales, …);;
696e4a38f74ca42de86de3e0;K1417;Responsable des affaires générales;Administratif, secrétariat, assistanat;;
696e4a38f74ca42de86de47b;K1417;Responsable des affaires générales;Métiers du droit;;
696e4a38f74ca42de86de449;K1418;Ambassadeur / Ambassadrice;Administration publique (impôts, hopitaux, prisons, structures sociales, …);;
696e4a38f74ca42de86de44a;K1419;Responsable du service des assemblées;Administration publique (impôts, hopitaux, prisons, structures sociales, …);;
696e4a38f74ca42de86de44b;K1420;Directeur / Directrice d'établissement pénitentiaire;Administration publique (impôts, hopitaux, prisons, structures sociales, …);;
696e4a38f74ca42de86de3c0;K1421;Directeur / Directrice de centre hospitalier;Santé, soins aux personnes;;
696e4a38f74ca42de86de44c;K1421;Directeur / Directrice de centre hospitalier;Administration publique (impôts, hopitaux, prisons, structures sociales, …);;
696e4a38f74ca42de86de44d;K1422;Directeur général / Directrice générale d'établissement public;Administration publique (impôts, hopitaux, prisons, structures sociales, …);;
696e4a38f74ca42de86de44e;K1506;Inspecteur / Inspectrice de la concurrence, de la consommation et de la répression des fraudes;Administration publique (impôts, hopitaux, prisons, structures sociales, …);;
696e4a38f74ca42de86de44f;K1507;Chef / Cheffe de centre des impôts;Administration publique (impôts, hopitaux, prisons, structures sociales, …);;
696e4a38f74ca42de86de450;K1508;Agent / Agente de conservation des hypothèques;Administration publique (impôts, hopitaux, prisons, structures sociales, …);;
696e4a38f74ca42de86de451;K1509;Adjoint / Adjointe de contrôle de la concurrence, de la consommation et de la répression des fraudes;Administration publique (impôts, hopitaux, prisons, structures sociales, …);;
696e4a38f74ca42de86de452;K1510;Contrôleur / Contrôleuse du Trésor public;Administration publique (impôts, hopitaux, prisons, structures sociales, …);;
696e4a38f74ca42de86de453;K1511;Inspecteur / Inspectrice des impôts;Administration publique (impôts, hopitaux, prisons, structures sociales, …);;
696e4a38f74ca42de86de454;K1512;Chef / Cheffe de poste du Trésor public;Administration publique (impôts, hopitaux, prisons, structures sociales, …);;
696e4a38f74ca42de86de455;K1513;Chargé / Chargée de l'exécution de la dépense publique;Administration publique (impôts, hopitaux, prisons, structures sociales, …);;
696e4a37f74ca42de86de1bb;K1725;Responsable des opérations militaires en milieu maritime;Sécurité, secours, surveillance;;
696e4a38f74ca42de86de482;K1725;Responsable des opérations militaires en milieu maritime;Transport fluvial et maritime;;
696e4a37f74ca42de86de1bc;K1726;Pisteur / Pisteuse secouriste;Sécurité, secours, surveillance;;
696e4a38f74ca42de86de3d7;K1726;Pisteur / Pisteuse secouriste;Métiers du sport;;
696e4a37f74ca42de86de1bd;K1727;Chargé / Chargée du guidage d'aéronef militaire;Sécurité, secours, surveillance;;
696e4a38f74ca42de86de48d;K1727;Chargé / Chargée du guidage d'aéronef militaire;Transport aérien;;
696e4a37f74ca42de86de1be;K1728;Régulateur / Régulatrice de secours en montagne;Sécurité, secours, surveillance;;
696e4a37f74ca42de86de1bf;K1729;Opérateur / Opératrice en pyrotechnie militaire;Sécurité, secours, surveillance;;
696e4a37f74ca42de86de1c0;K1730;Spécialiste de la protection des forces, installations ou matériels sensibles de l'Etat;Sécurité, secours, surveillance;;
696e4a37f74ca42de86de1c1;K1731;Responsable des opérations militaires en milieu aéroterrestre;Sécurité, secours, surveillance;;
696e4a37f74ca42de86de1c2;K1732;Spécialiste des systèmes de communication opérationnels;Sécurité, secours, surveillance;;
696e4a38f74ca42de86de494;K1732;Spécialiste des systèmes de communication opérationnels;Administration de systèmes et réseaux informatiques et telecom;;
696e4a37f74ca42de86de1c3;K1733;Combattant / Combattante des forces spéciales militaires;Sécurité, secours, surveillance;;
696e4a37f74ca42de86de1c4;K1734;Spécialiste du soutien armement nucléaire;Sécurité, secours, surveillance;;
696e4a37f74ca42de86de1c5;K1735;Architecte système de force, d'arme ou équipement militaire;Sécurité, secours, surveillance;;
696e4a37f74ca42de86de1c6;K1736;Spécialiste de l'aide au déploiement des forces combattantes;Sécurité, secours, surveillance;;
696e4a37f74ca42de86de1c7;K1737;Combattant / Combattante en milieu maritime;Sécurité, secours, surveillance;;
696e4a38f74ca42de86de483;K1737;Combattant / Combattante en milieu maritime;Transport fluvial et maritime;;
696e4a37f74ca42de86de1c8;K1738;Spécialiste du soutien ou de la formation propulsion nucléaire;Sécurité, secours, surveillance;;x
696e4a38f74ca42de86de388;K1803;Animateur / Animatrice de développement régional;Tourisme : conception de produits touristiques, voyages;;
696e4a38f74ca42de86de4a2;K1803;Animateur / Animatrice de développement régional;Organisation d'événements;;
696e4a38f74ca42de86de36e;K1804;Conseiller / Conseillère en création d'entreprise;Conseil en emploi, insertion, orientation;;
696e4a38f74ca42de86de46f;K1804;Conseiller / Conseillère en création d'entreprise;Direction d'entreprise;;
696e4a38f74ca42de86de36f;K1805;Chargé / Chargée de développement social;Conseil en emploi, insertion, orientation;;
696e4a38f74ca42de86de430;K1805;Chargé / Chargée de développement social;Education spécialisée, assistance auprès d'adultes;;
696e4a38f74ca42de86de370;K1806;Chargé / Chargée de développement social et urbain;Conseil en emploi, insertion, orientation;;
696e4a38f74ca42de86de431;K1806;Chargé / Chargée de développement social et urbain;Education spécialisée, assistance auprès d'adultes;;
696e4a38f74ca42de86de310;K1807;Urbaniste;Génie industriel, ingéniérie généraliste;;
696e4a38f74ca42de86de4a7;K1807;Urbaniste;Architecture;;
696e4a38f74ca42de86de40c;K1808;Chargé / Chargée de développement culturel;Animation jeunesse, culturelle, touristique;;
696e4a38f74ca42de86de4a3;K1808;Chargé / Chargée de développement culturel;Organisation d'événements;;
696e4a38f74ca42de86de371;K1809;Responsable de développement territorial;Conseil en emploi, insertion, orientation;;
696e4a38f74ca42de86de4a4;K1809;Responsable de développement territorial;Organisation d'événements;;
696e4a38f74ca42de86de372;K1810;Agent / Agente de développement d'habitat social;Conseil en emploi, insertion, orientation;;
696e4a38f74ca42de86de432;K1810;Agent / Agente de développement d'habitat social;Education spécialisée, assistance auprès d'adultes;;
696e4a38f74ca42de86de311;K1811;Chargé / Chargée de projet en aménagement du territoire;Génie industriel, ingéniérie généraliste;;
696e4a38f74ca42de86de373;K1811;Chargé / Chargée de projet en aménagement du territoire;Conseil en emploi, insertion, orientation;;
696e4a38f74ca42de86de374;K1812;Chargé / Chargée de projet emploi;Conseil en emploi, insertion, orientation;;
696e4a38f74ca42de86de4ac;K1812;Chargé / Chargée de projet emploi;Ressources humaines;;
696e4a38f74ca42de86de335;K1813;Chargé / Chargée de mission eaux pluviales;Risques, qualité, hygiène, sécurité, environnement (QHSE);;
696e4a38f74ca42de86de4b7;K1813;Chargé / Chargée de mission eaux pluviales;Assainissement, distribution des eaux;;
696e4a38f74ca42de86de375;K1814;Chargé / Chargée d'emploi en entreprise de travail temporaire;Conseil en emploi, insertion, orientation;;
696e4a38f74ca42de86de4ad;K1814;Chargé / Chargée d'emploi en entreprise de travail temporaire;Ressources humaines;;
696e4a38f74ca42de86de376;K1815;Chargé / Chargée de mission emploi formation;Conseil en emploi, insertion, orientation;;
696e4a38f74ca42de86de45b;K1815;Chargé / Chargée de mission emploi formation;Formation;;
696e4a38f74ca42de86de3e1;K1909;Greffier / Greffière;Administratif, secrétariat, assistanat;;
696e4a38f74ca42de86de47c;K1909;Greffier / Greffière;Métiers du droit;;
696e4a38f74ca42de86de47d;K1910;Commissaire à la Cour des comptes;Métiers du droit;;
696e4a38f74ca42de86de4bf;K1910;Commissaire à la Cour des comptes;Finance, Analyse financière, contrôle de gestion, trésorerie;;
696e4a38f74ca42de86de377;K2119;Consultant / Consultante en ingénierie pédagogique;Conseil en emploi, insertion, orientation;;x
696e4a38f74ca42de86de45d;K2119;Consultant / Consultante en ingénierie pédagogique;Formation;;
696e4a37f74ca42de86de1e1;K2120;Directeur / Directrice d'établissement d'enseignement supérieur;Enseignement, Recherche;;
696e4a38f74ca42de86de4cf;K2120;Directeur / Directrice d'établissement d'enseignement supérieur;Management, direction d'établissement scolaire, d'enseignement;;
696e4a38f74ca42de86de4d0;K2121;Directeur / Directrice de conservatoire musique et danse;Management, direction d'établissement scolaire, d'enseignement;;
696e4a38f74ca42de86de4d9;K2121;Directeur / Directrice de conservatoire musique et danse;Musique, chant;;
696e4a38f74ca42de86de3f1;K2122;Professeur / Professeure à domicile;Education;;
696e4a38f74ca42de86de45e;K2122;Professeur / Professeure à domicile;Formation;;
696e4a37f74ca42de86de1e2;K2123;Responsable programme enseignement supérieur;Enseignement, Recherche;;
696e4a38f74ca42de86de4d1;K2123;Responsable programme enseignement supérieur;Management, direction d'établissement scolaire, d'enseignement;;
696e4a38f74ca42de86de45f;K2124;Formateur / Formatrice conduite d'engins motorisés et de levage;Formation;;
696e4a38f74ca42de86de4dd;K2124;Formateur / Formatrice conduite d'engins motorisés et de levage;Conduite d'engins de chantier;;
696e4a37f74ca42de86de1e3;K2125;Archéologue;Enseignement, Recherche;;
696e4a38f74ca42de86de378;K2126;Conseiller / Conseillère en validation des acquis de l'expérience;Conseil en emploi, insertion, orientation;;
696e4a38f74ca42de86de460;K2126;Conseiller / Conseillère en validation des acquis de l'expérience;Formation;;
696e4a38f74ca42de86de3f2;K2127;Professeur / Professeure d'enseignement général pour déficients sensoriels;Education;;
696e4a38f74ca42de86de43a;K2127;Professeur / Professeure d'enseignement général pour déficients sensoriels;Education spécialisée, assistance auprès d'enfants, puériculture;;
696e4a37f74ca42de86de1c9;K2128;Formateur / Formatrice aux métiers de l'éducation et de la sécurité routière;Sécurité, secours, surveillance;;
696e4a38f74ca42de86de461;K2128;Formateur / Formatrice aux métiers de l'éducation et de la sécurité routière;Formation;;
696e4a38f74ca42de86de3f3;K2129;Professeur / Professeure en soutien scolaire;Education;;
696e4a38f74ca42de86de462;K2129;Professeur / Professeure en soutien scolaire;Formation;;
696e4a37f74ca42de86de1e4;K2130;Professeur / Professeure de FranÃ§ais Langue Etrangère (FLE);Enseignement, Recherche;;
696e4a38f74ca42de86de3f4;K2130;Professeur / Professeure de FranÃ§ais Langue Etrangère (FLE);Education;;
696e4a37f74ca42de86de1e5;K2131;Lecteur / Lectrice de langues dans l'enseignement supérieur;Enseignement, Recherche;;
696e4a38f74ca42de86de3f5;K2131;Lecteur / Lectrice de langues dans l'enseignement supérieur;Education;;
696e4a38f74ca42de86de463;K2132;Responsable ingénierie de la formation professionnelle;Formation;;
696e4a38f74ca42de86de4d2;K2132;Responsable ingénierie de la formation professionnelle;Management, direction d'établissement scolaire, d'enseignement;;
696e4a37f74ca42de86de1e6;K2133;Sociologue;Enseignement, Recherche;;
696e4a37f74ca42de86de1e7;K2134;Démographe;Enseignement, Recherche;;
696e4a37f74ca42de86de1e8;K2135;Ethnologue;Enseignement, Recherche;;
696e4a38f74ca42de86de3f6;K2136;Professeur territorial / Professeure territoriale d'enseignement artistique;Education;;
696e4a38f74ca42de86de4e1;K2136;Professeur territorial / Professeure territoriale d'enseignement artistique;Arts plastiques, galeries, marché de l'art;;
696e4a38f74ca42de86de3f7;K2137;Assistant / Assistante pédagogique en milieu scolaire;Education;;
696e4a38f74ca42de86de43b;K2137;Assistant / Assistante pédagogique en milieu scolaire;Education spécialisée, assistance auprès d'enfants, puériculture;;
696e4a37f74ca42de86de1ca;K2138;Animateur / Animatrice de stages permis à points;Sécurité, secours, surveillance;;
696e4a38f74ca42de86de464;K2138;Animateur / Animatrice de stages permis à points;Formation;;
696e4a38f74ca42de86de379;K2139;Chargé / Chargée de bilan professionnel;Conseil en emploi, insertion, orientation;;
696e4a38f74ca42de86de465;K2139;Chargé / Chargée de bilan professionnel;Formation;;
696e4a37f74ca42de86de1e9;K2140;Historien / Historienne;Enseignement, Recherche;;
696e4a38f74ca42de86de466;K2141;Formateur / Formatrice conduite d'engins de travaux publics;Formation;;
696e4a38f74ca42de86de4de;K2141;Formateur / Formatrice conduite d'engins de travaux publics;Conduite d'engins de chantier;;
696e4a38f74ca42de86de467;K2142;Animateur-coordinateur / Animatrice-coordinatrice de formation;Formation;;
696e4a37f74ca42de86de1ea;K2143;Anthropologue;Enseignement, Recherche;;
696e4a38f74ca42de86de3c1;K2144;Directeur / Directrice d'école paramédicale;Santé, soins aux personnes;;
696e4a38f74ca42de86de4d3;K2144;Directeur / Directrice d'école paramédicale;Management, direction d'établissement scolaire, d'enseignement;;
696e4a38f74ca42de86de468;K2145;Formateur / Formatrice de formateurs;Formation;;
696e4a38f74ca42de86de3f8;K2146;Responsable d'internat;Education;;
696e4a38f74ca42de86de4d4;K2146;Responsable d'internat;Management, direction d'établissement scolaire, d'enseignement;;
696e4a37f74ca42de86de1eb;K2147;Chef / Cheffe de travaux dans l'enseignement technique;Enseignement, Recherche;;
696e4a38f74ca42de86de4d5;K2147;Chef / Cheffe de travaux dans l'enseignement technique;Management, direction d'établissement scolaire, d'enseignement;;
696e4a38f74ca42de86de4d6;K2148;Directeur / Directrice pédagogique;Management, direction d'établissement scolaire, d'enseignement;;
696e4a38f74ca42de86de297;K2311;Responsable des déchets;Recyclage, collecte, traitement des déchets, assainissement, dépollution;;
696e4a38f74ca42de86de336;K2311;Responsable des déchets;Risques, qualité, hygiène, sécurité, environnement (QHSE);;
696e4a38f74ca42de86de4e4;K2312;Ingénieur / Ingénieure responsable propreté nettoiement;Nettoyage, propreté;;
696e4a38f74ca42de86de4ee;K2312;Ingénieur / Ingénieure responsable propreté nettoiement;Management, direction en propreté, environnement;;
696e4a38f74ca42de86de337;K2313;Technicien chargé / Technicienne chargée de la police des eaux;Risques, qualité, hygiène, sécurité, environnement (QHSE);;
696e4a38f74ca42de86de4b8;K2313;Technicien chargé / Technicienne chargée de la police des eaux;Assainissement, distribution des eaux;;
696e4a37f74ca42de86de1db;K2314;Technicien / Technicienne de maintenance de systèmes d'irrigation;Paysagisme, jardinage, entretien des espaces verts;;x
696e4a38f74ca42de86de2f9;K2314;Technicien / Technicienne de maintenance de systèmes d'irrigation;Maintenance, installation et assistance informatique;;x
696e4a38f74ca42de86de338;K2315;Inspecteur / Inspectrice de salubrité publique;Risques, qualité, hygiène, sécurité, environnement (QHSE);;
696e4a38f74ca42de86de456;K2315;Inspecteur / Inspectrice de salubrité publique;Administration publique (impôts, hopitaux, prisons, structures sociales, …);;
696e4a38f74ca42de86de262;K2316;Responsable d'usine de production d'eau potable;Management, exploitation, gestion, ingéniérie de la chaîne logistique;;
696e4a38f74ca42de86de4b9;K2316;Responsable d'usine de production d'eau potable;Assainissement, distribution des eaux;;
696e4a38f74ca42de86de339;K2317;Technicien / Technicienne d'exploitation d'eau potable;Risques, qualité, hygiène, sécurité, environnement (QHSE);;
696e4a38f74ca42de86de4ba;K2317;Technicien / Technicienne d'exploitation d'eau potable;Assainissement, distribution des eaux;;
696e4a38f74ca42de86de298;K2318;Agent / Agente de déchetterie;Recyclage, collecte, traitement des déchets, assainissement, dépollution;;
696e4a38f74ca42de86de4e5;K2318;Agent / Agente de déchetterie;Nettoyage, propreté;;
696e4a38f74ca42de86de33a;K2319;Technicien / Technicienne hygiéniste;Risques, qualité, hygiène, sécurité, environnement (QHSE);;
696e4a38f74ca42de86de4e6;K2319;Technicien / Technicienne hygiéniste;Nettoyage, propreté;;
696e4a38f74ca42de86de263;K2320;Chargé / Chargée du traitement des déchets;Management, exploitation, gestion, ingéniérie de la chaîne logistique;;
696e4a38f74ca42de86de299;K2320;Chargé / Chargée du traitement des déchets;Recyclage, collecte, traitement des déchets, assainissement, dépollution;;
696e4a38f74ca42de86de2a3;K2321;Egoutier / Egoutière;Entretien et maintenance de bâtiments;;
696e4a38f74ca42de86de4bb;K2321;Egoutier / Egoutière;Assainissement, distribution des eaux;;
696e4a38f74ca42de86de33b;K2322;Technicien / Technicienne en traitement des eaux;Risques, qualité, hygiène, sécurité, environnement (QHSE);;
696e4a38f74ca42de86de4bc;K2322;Technicien / Technicienne en traitement des eaux;Assainissement, distribution des eaux;;
696e4a38f74ca42de86de4e7;K2323;Responsable propreté urbaine;Nettoyage, propreté;;
696e4a38f74ca42de86de4ef;K2323;Responsable propreté urbaine;Management, direction en propreté, environnement;;
696e4a37f74ca42de86de1ec;K2411;Musicologue;Enseignement, Recherche;;
696e4a38f74ca42de86de4da;K2411;Musicologue;Musique, chant;;
696e4a37f74ca42de86de1cb;K2507;Agent / Agente d'exploitation et de sÃ»reté aéroportuaire;Sécurité, secours, surveillance;;
696e4a38f74ca42de86de48e;K2507;Agent / Agente d'exploitation et de sÃ»reté aéroportuaire;Transport aérien;;
696e4a37f74ca42de86de1cc;K2508;Agent / Agente de protection rapprochée;Sécurité, secours, surveillance;;
696e4a37f74ca42de86de1cd;K2509;Opérateur / Opératrice en télésurveillance;Sécurité, secours, surveillance;;
696e4a37f74ca42de86de1ce;K2510;Agent / Agente cynophile de sécurité;Sécurité, secours, surveillance;;
696e4a38f74ca42de86de4f0;K2510;Agent / Agente cynophile de sécurité;Soins aux animaux;;
696e4a38f74ca42de86de3e2;K2604;Agent / Agente de crématorium;Administratif, secrétariat, assistanat;;
696e4a38f74ca42de86de3e3;K2605;Maître / Maîtresse de cérémonie funéraire;Administratif, secrétariat, assistanat;;
696e4a38f74ca42de86de40d;L1104;Animateur / Animatrice événementiel;Animation jeunesse, culturelle, touristique;;
696e4a38f74ca42de86de4a5;L1104;Animateur / Animatrice événementiel;Organisation d'événements;;
696e4a38f74ca42de86de501;L1209;Performeur / Performeuse de cabaret;Cinéma, Télévision, spectacle;;
696e4a38f74ca42de86de4db;L1210;Orchestrateur / Orchestratrice;Musique, chant;;
696e4a38f74ca42de86de502;L1211;Chorégraphe;Cinéma, Télévision, spectacle;;
696e4a38f74ca42de86de519;L1306;Réalisateur / Réalisatrice audiovisuel;Production, réalisation de films;;
696e4a38f74ca42de86de503;L1307;Assistant / Assistante mise en scène;Cinéma, Télévision, spectacle;;
696e4a38f74ca42de86de51a;L1308;Directeur / Directrice de production audiovisuelle et cinéma;Production, réalisation de films;;
696e4a38f74ca42de86de504;L1309;Coordinateur / Coordinatrice d'intimité;Cinéma, Télévision, spectacle;;
696e4a38f74ca42de86de51c;L1403;Cavalier / Cavalière d'entraînement;Elevage de chevaux;;
696e4a38f74ca42de86de381;L1514;Chef opérateur / Cheffe opératrice image;Techniques du son et de l'image;;
696e4a38f74ca42de86de505;L1514;Chef opérateur / Cheffe opératrice image;Cinéma, Télévision, spectacle;;
696e4a38f74ca42de86de382;L1515;Technicien / Technicienne plateau;Techniques du son et de l'image;;
696e4a38f74ca42de86de506;L1515;Technicien / Technicienne plateau;Cinéma, Télévision, spectacle;;
696e4a38f74ca42de86de507;L1516;Coiffeur / Coiffeuse spectacle;Cinéma, Télévision, spectacle;;
696e4a38f74ca42de86de51d;L1516;Coiffeur / Coiffeuse spectacle;Coiffure;;
696e4a38f74ca42de86de508;L1517;Chef coiffeur / Cheffe coiffeuse spectacle;Cinéma, Télévision, spectacle;;
696e4a38f74ca42de86de51e;L1517;Chef coiffeur / Cheffe coiffeuse spectacle;Coiffure;;
696e4a38f74ca42de86de509;L1518;Chef habilleur / Cheffe habilleuse;Cinéma, Télévision, spectacle;;
696e4a38f74ca42de86de51f;L1518;Chef habilleur / Cheffe habilleuse;Décor et accessoires pour le spectacle;;
696e4a38f74ca42de86de383;L1519;Technicien / Technicienne vidéo;Techniques du son et de l'image;;
696e4a38f74ca42de86de50a;L1519;Technicien / Technicienne vidéo;Cinéma, Télévision, spectacle;;
696e4a38f74ca42de86de50b;L1520;Concepteur / Conceptrice de costumes;Cinéma, Télévision, spectacle;;
696e4a38f74ca42de86de520;L1520;Concepteur / Conceptrice de costumes;Décor et accessoires pour le spectacle;;
696e4a38f74ca42de86de50c;L1521;Chef / Cheffe accessoiriste;Cinéma, Télévision, spectacle;;
696e4a38f74ca42de86de521;L1521;Chef / Cheffe accessoiriste;Décor et accessoires pour le spectacle;;
696e4a38f74ca42de86de384;L1522;Opérateur / Opératrice d'effets visuels physiques audiovisuel et cinéma;Techniques du son et de l'image;;
696e4a38f74ca42de86de50d;L1522;Opérateur / Opératrice d'effets visuels physiques audiovisuel et cinéma;Cinéma, Télévision, spectacle;;
696e4a37f74ca42de86de1cf;L1523;Artificier / Artificière spectacle;Sécurité, secours, surveillance;;
696e4a38f74ca42de86de50e;L1523;Artificier / Artificière spectacle;Cinéma, Télévision, spectacle;;
696e4a38f74ca42de86de522;L1524;Chef décorateur / Cheffe décoratrice spectacle;Décor et accessoires pour le spectacle;;
696e4a38f74ca42de86de50f;L1525;Chef / Cheffe machiniste spectacle;Cinéma, Télévision, spectacle;;
696e4a38f74ca42de86de510;L1526;Régisseur / Régisseuse de scène;Cinéma, Télévision, spectacle;;
696e4a38f74ca42de86de523;L1527;Chef constructeur / Cheffe constructrice en décors;Décor et accessoires pour le spectacle;;
696e4a38f74ca42de86de524;M1211;Expert-comptable / Experte-comptable;Comptabilité, gestion de paie;;
696e4a38f74ca42de86de457;M1212;Gestionnaire de lits;Administration publique (impôts, hopitaux, prisons, structures sociales, …);;
696e4a38f74ca42de86de525;M1213;Assistant / Assistante comptable;Comptabilité, gestion de paie;;
696e4a38f74ca42de86de4c0;M1214;Négociateur / Négociatrice en devises;Finance, Analyse financière, contrôle de gestion, trésorerie;;
696e4a38f74ca42de86de4c1;M1215;Contrôleur comptable et financier / Contrôleuse comptable et financière;Finance, Analyse financière, contrôle de gestion, trésorerie;;
696e4a38f74ca42de86de526;M1215;Contrôleur comptable et financier / Contrôleuse comptable et financière;Comptabilité, gestion de paie;;
696e4a38f74ca42de86de3e4;M1216;Secrétaire général / Secrétaire générale;Administratif, secrétariat, assistanat;;
696e4a38f74ca42de86de3f9;M1217;Intendant / Intendante d'établissement scolaire (lycée, collège…);Education;;
696e4a38f74ca42de86de4c2;M1219;Conseiller / Conseillère en fusion et acquisition;Finance, Analyse financière, contrôle de gestion, trésorerie;;
696e4a38f74ca42de86de4c3;M1220;Credit manager;Finance, Analyse financière, contrôle de gestion, trésorerie;;
696e4a38f74ca42de86de4c4;M1221;Responsable financement de projet;Finance, Analyse financière, contrôle de gestion, trésorerie;;
696e4a38f74ca42de86de4c5;M1222;Assistant / Assistante de contrôle budgétaire;Finance, Analyse financière, contrôle de gestion, trésorerie;;
696e4a38f74ca42de86de3e5;M1223;Chef / Cheffe des services administratifs et financiers;Administratif, secrétariat, assistanat;;
696e4a38f74ca42de86de4c6;M1223;Chef / Cheffe des services administratifs et financiers;Finance, Analyse financière, contrôle de gestion, trésorerie;;
696e4a38f74ca42de86de4c7;M1224;Economiste financier / Economiste financière;Finance, Analyse financière, contrôle de gestion, trésorerie;;
696e4a38f74ca42de86de527;M1225;Aide-comptable;Comptabilité, gestion de paie;;
696e4a38f74ca42de86de471;M1303;Directeur / Directrice de filiale;Direction d'entreprise;;
696e4a38f74ca42de86de3e6;M1304;Directeur / Directrice d'unité de services au public;Administratif, secrétariat, assistanat;;x
696e4a38f74ca42de86de2ef;M1305;Fablab Manager;Conseil, vente de produits bancaires ou d'assurance, gestion de clientèle;;x
696e4a38f74ca42de86de4ae;M1415;Auditeur social / Auditrice sociale;Ressources humaines;;
696e4a38f74ca42de86de33c;M1416;Animateur / Animatrice qualité services;Risques, qualité, hygiène, sécurité, environnement (QHSE);;
696e4a38f74ca42de86de33d;M1417;Intervenant / Intervenante en Prévention des Risques Professionnels - IPRP;Risques, qualité, hygiène, sécurité, environnement (QHSE);;
696e4a38f74ca42de86de3c2;M1417;Intervenant / Intervenante en Prévention des Risques Professionnels - IPRP;Santé, soins aux personnes;;
696e4a38f74ca42de86de4af;M1418;Recruteur / Recruteuse de donateurs;Ressources humaines;;
696e4a38f74ca42de86de52c;M1419;Data analyst;Analyse de données, data;;
696e4a38f74ca42de86de52d;M1420;Responsable en intelligence économique;Analyse de données, data;;
696e4a38f74ca42de86de52e;M1421;Panéliste;Analyse de données, data;;
696e4a38f74ca42de86de52f;M1422;Directeur / Directrice d'études socio-économiques;Analyse de données, data;;
696e4a38f74ca42de86de530;M1423;Chief Data Officer;Analyse de données, data;;
696e4a38f74ca42de86de531;M1424;Consultant / Consultante en intelligence économique;Analyse de données, data;;
696e4a38f74ca42de86de532;M1425;Agent recenseur / Agente recenseuse;Analyse de données, data;;
696e4a38f74ca42de86de533;M1426;Chief digital officer - Responsable de la transformation digitale;Analyse de données, data;;
696e4a37f74ca42de86de214;M1427;Animateur / Animatrice de réseau d'entreprises;Développement commercial, force de vente;;
696e4a38f74ca42de86de33e;M1428;Directeur / Directrice qualité services;Risques, qualité, hygiène, sécurité, environnement (QHSE);;
696e4a38f74ca42de86de472;M1429;Consultant / Consultante en management;Direction d'entreprise;;
696e4a38f74ca42de86de2a8;M1430;Chargé / Chargée d'études commerciales;Communication, marketing, publicité;;
696e4a38f74ca42de86de37a;M1508;Conseiller / Conseillère en gestion de carrière;Conseil en emploi, insertion, orientation;;
696e4a38f74ca42de86de4b0;M1508;Conseiller / Conseillère en gestion de carrière;Ressources humaines;;
696e4a38f74ca42de86de4b1;M1509;Responsable paie et administration du personnel;Ressources humaines;;
696e4a38f74ca42de86de528;M1509;Responsable paie et administration du personnel;Comptabilité, gestion de paie;;
696e4a38f74ca42de86de4b2;M1510;Chargé / Chargée de mission RH diversité handicap;Ressources humaines;;
696e4a38f74ca42de86de4b3;M1511;Responsable Qualité de Vie au Travail;Ressources humaines;;
696e4a38f74ca42de86de4b4;M1512;Directeur / Directrice des relations sociales;Ressources humaines;;
696e4a38f74ca42de86de3e7;M1618;Agent / Agente de liaison courrier;Administratif, secrétariat, assistanat;;
696e4a38f74ca42de86de264;M1619;Approvisionneur / Approvisionneuse points de distribution;Management, exploitation, gestion, ingéniérie de la chaîne logistique;;
696e4a38f74ca42de86de544;M1620;Superviseur / Superviseuse de distributeurs d'imprimés;Imprimerie;;
696e4a38f74ca42de86de3e8;M1621;Assistant / Assistante de gestion administrative;Administratif, secrétariat, assistanat;;
696e4a38f74ca42de86de473;M1717;Responsable innovation;Direction d'entreprise;;
696e4a38f74ca42de86de2a9;M1718;Chargé / Chargée de marketing digital;Communication, marketing, publicité;;
696e4a38f74ca42de86de2aa;M1719;Chargé / Chargée des relations avec les influenceurs;Communication, marketing, publicité;;
696e4a38f74ca42de86de54d;M1864;Product Owner;Gestion de projets informatiques;;
696e4a37f74ca42de86de215;M1864;Product Owner;Développement commercial, force de vente;;x
696e4a38f74ca42de86de54e;M1865;Ingénieur / Ingénieure blockchain;Gestion de projets informatiques;;
696e4a38f74ca42de86de558;M1865;Ingénieur / Ingénieure blockchain;Développement web, intégration;;
696e4a38f74ca42de86de2fa;M1866;Pentesteur / Pentesteuse;Maintenance, installation et assistance informatique;;
696e4a38f74ca42de86de495;M1866;Pentesteur / Pentesteuse;Administration de systèmes et réseaux informatiques et telecom;;
696e4a38f74ca42de86de496;M1867;Responsable des systèmes d'information (SI);Administration de systèmes et réseaux informatiques et telecom;;
696e4a38f74ca42de86de534;M1868;Architecte base de données;Analyse de données, data;;
696e4a38f74ca42de86de2fb;M1869;Gestionnaire de parc informatique;Maintenance, installation et assistance informatique;;
696e4a38f74ca42de86de54f;M1870;Directeur / Directrice de projet en informatique;Gestion de projets informatiques;;
696e4a38f74ca42de86de2fc;M1871;Gestionnaire d'applications système d'information;Maintenance, installation et assistance informatique;;
696e4a38f74ca42de86de535;M1872;Consultant décisionnel / Consultante décisionnelle - Business Intelligence;Analyse de données, data;;
696e4a38f74ca42de86de536;M1873;Spécialiste IA embarquée;Analyse de données, data;;
696e4a38f74ca42de86de2fd;M1874;Spécialiste support;Maintenance, installation et assistance informatique;;
696e4a38f74ca42de86de550;M1875;Coordinateur / Coordinatrice Maitrise d'Ouvrage Système d'Information (MOA SI);Gestion de projets informatiques;;
696e4a38f74ca42de86de497;M1876;Technicien / Technicienne Cloud;Administration de systèmes et réseaux informatiques et telecom;;
696e4a38f74ca42de86de559;M1877;Développeur / Développeuse blockchain;Développement web, intégration;;
696e4a38f74ca42de86de498;M1878;Responsable de la production informatique;Administration de systèmes et réseaux informatiques et telecom;;
696e4a38f74ca42de86de499;M1879;Ingénieur / Ingénieure Cloud computing;Administration de systèmes et réseaux informatiques et telecom;;
696e4a38f74ca42de86de3c3;M1880;Spécialiste e-santé;Santé, soins aux personnes;;
696e4a38f74ca42de86de551;M1881;Chef / Cheffe de projet Maîtrise d'Ouvrage des Systèmes d'Information (MOA);Gestion de projets informatiques;;
696e4a38f74ca42de86de49a;M1882;Architecte sécurité informatique;Administration de systèmes et réseaux informatiques et telecom;;
696e4a38f74ca42de86de49b;M1883;Analyste SOC (Security Operations Center);Administration de systèmes et réseaux informatiques et telecom;;
696e4a38f74ca42de86de49c;M1884;Ingénieur / Ingénieure systèmes, réseaux et sécurité informatique;Administration de systèmes et réseaux informatiques et telecom;;
696e4a38f74ca42de86de49d;M1885;Responsable télécoms;Administration de systèmes et réseaux informatiques et telecom;;
696e4a38f74ca42de86de55a;M1886;Chef / Cheffe de projet Web;Développement web, intégration;;
696e4a38f74ca42de86de55b;M1887;Product builder no code;Développement web, intégration;;
696e4a37f74ca42de86de1ed;M1888;Spécialiste en modélisation climatique;Enseignement, Recherche;;
696e4a38f74ca42de86de537;M1888;Spécialiste en modélisation climatique;Analyse de données, data;;
696e4a38f74ca42de86de538;M1889;Ingénieur / Ingénieure en Intelligence Artificielle (IA);Analyse de données, data;;
696e4a38f74ca42de86de552;M1889;Ingénieur / Ingénieure en Intelligence Artificielle (IA);Gestion de projets informatiques;;
696e4a38f74ca42de86de539;M1890;Responsable d'opérations en station météorologique;Analyse de données, data;;
696e4a38f74ca42de86de265;M1890;Responsable d'opérations en station météorologique;Management, exploitation, gestion, ingéniérie de la chaîne logistique;;
696e4a37f74ca42de86de1ee;M1891;Ingénieur / Ingénieure prévisionniste météorologue;Enseignement, Recherche;;
696e4a38f74ca42de86de53a;M1891;Ingénieur / Ingénieure prévisionniste météorologue;Analyse de données, data;;
696e4a38f74ca42de86de394;M1892;Ingénieur / Ingénieure en informatique embarquée;Aéronautique;;
696e4a38f74ca42de86de55f;M1892;Ingénieur / Ingénieure en informatique embarquée;Electronique, informatique industrielle;;
696e4a37f74ca42de86de1ef;M1893;Technicien / Technicienne de la météorologie;Enseignement, Recherche;;
696e4a38f74ca42de86de53b;M1893;Technicien / Technicienne de la météorologie;Analyse de données, data;;
696e4a38f74ca42de86de53c;M1894;Gestionnaire de base de données;Analyse de données, data;;
696e4a38f74ca42de86de553;M1894;Gestionnaire de base de données;Gestion de projets informatiques;;
696e4a38f74ca42de86de4c8;N1208;Opérateur / Opératrice de traitement de valeurs;Finance, Analyse financière, contrôle de gestion, trésorerie;;
696e4a37f74ca42de86de1d0;N2208;Contrôleur / Contrôleuse de la circulation et de la défense aérienne;Sécurité, secours, surveillance;;
696e4a38f74ca42de86de48f;N2208;Contrôleur / Contrôleuse de la circulation et de la défense aérienne;Transport aérien;;
696e4a38f74ca42de86de486;N3104;Conducteur / Conductrice de navigation fluviale;Transport fluvial et maritime;;
696e4a38f74ca42de86de267;N3205;Assistant / Assistante d'exploitation du transport fluvial;Management, exploitation, gestion, ingéniérie de la chaîne logistique;;
696e4a38f74ca42de86de488;N3205;Assistant / Assistante d'exploitation du transport fluvial;Transport fluvial et maritime;;
696e4a38f74ca42de86de305;N4303;Conducteur / Conductrice d'engins de manÅuvre du réseau ferré;Transport ferroviaire;;
696e4a38f74ca42de86de306;N4304;Responsable d'équipe d'agents de conduite du réseau ferré;Transport ferroviaire;;
696e4a38f74ca42de86de307;N4305;Conducteur / Conductrice de métro;Transport ferroviaire;;
;C1209;Spécialiste de la vérification client;Finance, Analyse financière, contrôle de gestion, trésorerie;x;
;C1209;Spécialiste de la vérification client;Accueil, service client;x;
;D1117;Chef pâtissier / Cheffe pâtissière;Cuisine;x;
;D1230;Responsable d'agence de location de matériel de transport;Management commercial;x;
;D1238;Chef / Cheffe d'agence de location de véhicules;Management commercial;x;
;F1127;Architecte-urbaniste;Ingéniérie en BTP (Bureau d'études, conception technique, BIM, …);x;
;I1108;Chef / Cheffe d'atelier engins de chantier;Mécanique, maintenance industrielle;x;
;I1328;Conseiller / Conseillère en hydraulique agricole;Ingéniérie, agronomie;x;
;I1332;Chef / Cheffe d'atelier de maintenance industrielle;Management, exploitation, gestion, ingéniérie de la chaîne logistique;x;
;I1407;Réparateur / Réparatrice en produits de télécommunication et multimédia;Installation et maintenance réseaux telecom et énergie;x;
;I1410;Responsable Service Après-Vente -SAV- en électroménager;Accueil, service client;x;
;K1412;Chargé / Chargée de mission aux relations internationales;Administration publique (impôts, hopitaux, prisons, structures sociales, …);x;
;K1738;Spécialiste du soutien ou de la formation propulsion nucléaire;Enseignement, Recherche;x;
;K2314;Technicien / Technicienne de maintenance de systèmes d'irrigation;Assainissement, distribution des eaux;x;
;K2314;Technicien / Technicienne de maintenance de systèmes d'irrigation;Mécanique, maintenance industrielle;x;
;M1304;Directeur / Directrice d'unité de services au public;Administration publique (impôts, hopitaux, prisons, structures sociales, …);x;
;M1305;Fablab Manager;Direction d'entreprise;x;
;M1305;Fablab Manager;Gestion de projets informatiques;x;
;I1410;Responsable Service Après-Vente -SAV- en électroménager;Management commercial;x;
;D1115;Chocolatier / Chocolatière;Industrie Agroalimentaire;x;
;D1116;Négociant / Négociante en bétail;Exploitation agricole;x;
;D1435;Responsable de plateau de centre d'appels;Téléconseil, vente à distance;x;
;F1505;Echafaudeur / Echafaudeuse;Entretien et maintenance de bâtiments;x;
;G1612;Crêpier / Crêpière;Boulangerie, pâtisserie, chocolaterie;x;
;H1230;Ingénieur / Ingénieure essais vérification et validation (V&V) en milieu nucléaire;Energie;x;
;H1230;Ingénieur / Ingénieure essais vérification et validation (V&V) en milieu nucléaire;Risques, qualité, hygiène, sécurité, environnement (QHSE);x;
;I1112;Chef / Cheffe d'atelier engins de levage et de manutention;Management, exploitation, gestion, ingéniérie de la chaîne logistique;x;
;K1419;Responsable du service des assemblées;Métiers du droit;x;
;M1212;Gestionnaire de lits;Santé, soins aux personnes;x;
;M1717;Responsable innovation;Gestion de projets informatiques;x;
;A1310;Technicien / Technicienne de production animale;Exploitation agricole;x;
